datum,

17 Sep 1908

07 Sep 1909

12 Jul 1912

06 Aug 1913

09 Sep 1913

17 Oct 1913

05 Mar 1915

03 Sep 1915

28 Jul 1916

24 Sep 1916

01 Oct 1916

21 Nov 1916

28 Nov 1916

04 Mar 1917

30 Mar 1917

14 May 1917

14 Jun 1917

17 Jun 1917

21 Aug 1917

20 Oct 1917

07 Apr 1918

10 May 1918

11 Aug 1918

16 Dec 1918

25 May 1919

19 Jul 1919

21 Jul 1919

02 Aug 1919

02 Oct 1919

14 Oct 1919

20 Oct 1919

30 Oct 1919

11 Dec 1919

10 Mar 1920

30 Mar 1920

10 Apr 1920

11 Apr 1920

12 May 1920

06 Jun 1920

20 Jul 1920

16 Aug 1920

16 Aug 1920

01 Sep 1920

15 Sep 1920

27 Sep 1920

02 Oct 1920

05 Oct 1920

15 Oct 1920

07 Nov 1920

14 Dec 1920

24 Dec 1920

03 Feb 1921

09 Feb 1921

15 Feb 1921

22 Feb 1921

06 Apr 1921

21 Apr 1921

29 Apr 1921

17 May 1921

14 Aug 1921

24 Aug 1921

06 Sep 1921

05 Dec 1921

14 Jan 1922

21 Feb 1922

22 Mar 1922

07 Apr 1922

08 Apr 1922

03 Jun 1922

04 Jul 1922

16 Jul 1922

26 Jul 1922

07 Sep 1922

02 Oct 1922

25 Oct 1922

03 Dec 1922

10 Jan 1923

17 Jan 1923

18 Jan 1923

26 Feb 1923

14 May 1923

27 Aug 1923

27 Aug 1923

07 Sep 1923

14 Sep 1923

18 Nov 1923

06 Dec 1923

23 Dec 1923

24 Dec 1923

07 Mar 1924

24 Apr 1924

08 Jun 1924

01 Aug 1924

06 Nov 1924

21 Dec 1924

24 Dec 1924

22 Mar 1925

25 Apr 1925

25 Jun 1925

26 Jun 1925

20 Jul 1925

24 Jul 1925

03 Sep 1925

07 Sep 1925

01 Oct 1925

14 Nov 1925

14 Nov 1925

12 Feb 1926

08 Mar 1926

31 May 1926

03 Jul 1926

09 Jul 1926

24 Jul 1926

18 Aug 1926

26 Sep 1926

02 Oct 1926

08 Oct 1926

21 Oct 1926

11 Nov 1926

16 Dec 1926

12 Jan 1927

20 Mar 1927

24 Mar 1927

15 Apr 1927

22 Apr 1927

22 Apr 1927

02 May 1927

27 Jul 1927

22 Aug 1927

03 Sep 1927

17 Sep 1927

17 Sep 1927

23 Sep 1927

06 Oct 1927

30 Oct 1927

08 Nov 1927

16 Nov 1927

29 Nov 1927

28 Dec 1927

31 Dec 1927

08 Jan 1928

16 Jan 1928

22 Jan 1928

22 Jan 1928

27 Jan 1928

26 Feb 1928

11 Mar 1928

17 Apr 1928

19 Apr 1928

07 May 1928

12 May 1928

26 May 1928

14 Jun 1928

22 Jun 1928

10 Jul 1928

13 Jul 1928

24 Jul 1928

25 Aug 1928

02 Sep 1928

04 Sep 1928

04 Sep 1928

06 Sep 1928

04 Oct 1928

18 Oct 1928

31 Oct 1928

15 Nov 1928

24 Nov 1928

25 Nov 1928

25 Nov 1928

01 Dec 1928

03 Dec 1928

10 Dec 1928

11 Dec 1928

20 Dec 1928

23 Dec 1928

31 Dec 1928

05 Jan 1929

18 Jan 1929

25 Jan 1929

31 Jan 1929

31 Jan 1929

17 Mar 1929

30 Mar 1929

21 Apr 1929

09 May 1929

18 May 1929

22 May 1929

13 Jun 1929

14 Jun 1929

17 Jun 1929

24 Jun 1929

29 Jun 1929

29 Jun 1929

11 Aug 1929

24 Aug 1929

24 Aug 1929

02 Sep 1929

03 Sep 1929

06 Sep 1929

14 Sep 1929

14 Sep 1929

17 Sep 1929

17 Sep 1929

17 Sep 1929

26 Oct 1929

29 Oct 1929

31 Oct 1929

04 Nov 1929

06 Nov 1929

16 Nov 1929

20 Nov 1929

30 Nov 1929

02 Dec 1929

19 Dec 1929

30 Dec 1929

10 Jan 1930

13 Jan 1930

19 Jan 1930

25 Jan 1930

27 Jan 1930

03 Feb 1930

10 Feb 1930

18 Apr 1930

10 May 1930

05 Jun 1930

07 Jul 1930

10 Jul 1930

21 Jul 1930

22 Aug 1930

11 Sep 1930

25 Sep 1930

05 Oct 1930

06 Oct 1930

12 Oct 1930

13 Oct 1930

28 Oct 1930

30 Oct 1930

30 Oct 1930

07 Nov 1930

18 Nov 1930

09 Dec 1930

08 Jan 1931

22 Jan 1931

08 Feb 1931

20 Feb 1931

24 Feb 1931

21 Mar 1931

31 Mar 1931

14 Apr 1931

05 May 1931

22 May 1931

24 May 1931

07 Jun 1931

11 Jun 1931

13 Jun 1931

12 Jul 1931

14 Jul 1931

21 Jul 1931

24 Jul 1931

09 Aug 1931

14 Sep 1931

15 Sep 1931

16 Sep 1931

06 Oct 1931

14 Oct 1931

05 Nov 1931

13 Nov 1931

23 Nov 1931

24 Nov 1931

26 Nov 1931

05 Dec 1931

06 Dec 1931

09 Dec 1931

31 Dec 1931

21 Jan 1932

29 Jan 1932

01 Feb 1932

02 Feb 1932

02 Feb 1932

27 Feb 1932

08 Mar 1932

19 Mar 1932

21 Mar 1932

29 Mar 1932

31 Mar 1932

21 Apr 1932

16 May 1932

30 May 1932

16 Jul 1932

12 Aug 1932

31 Aug 1932

08 Sep 1932

17 Sep 1932

18 Sep 1932

12 Oct 1932

26 Oct 1932

29 Oct 1932

02 Nov 1932

25 Nov 1932

14 Dec 1932

14 Dec 1932

26 Dec 1932

10 Jan 1933

14 Jan 1933

20 Jan 1933

20 Jan 1933

24 Jan 1933

11 Mar 1933

25 Mar 1933

28 Mar 1933

03 Apr 1933

04 Apr 1933

23 Apr 1933

29 Apr 1933

09 May 1933

04 Jun 1933

11 Jun 1933

18 Jul 1933

29 Aug 1933

12 Sep 1933

10 Oct 1933

31 Oct 1933

09 Nov 1933

10 Nov 1933

20 Nov 1933

21 Nov 1933

24 Nov 1933

11 Dec 1933

14 Dec 1933

30 Dec 1933

15 Jan 1934

20 Jan 1934

23 Feb 1934

26 Feb 1934

06 Mar 1934

10 Mar 1934

22 Mar 1934

10 Apr 1934

09 May 1934

31 May 1934

09 Jun 1934

11 Jun 1934

22 Jun 1934

23 Jun 1934

09 Jul 1934

27 Jul 1934

05 Aug 1934

10 Aug 1934

31 Aug 1934

02 Oct 1934

03 Oct 1934

19 Oct 1934

02 Nov 1934

15 Nov 1934

15 Nov 1934

07 Dec 1934

08 Dec 1934

10 Dec 1934

20 Dec 1934

22 Dec 1934

31 Dec 1934

08 Jan 1935

26 Jan 1935

31 Jan 1935

07 Mar 1935

15 Mar 1935

29 Mar 1935

01 Apr 1935

06 Apr 1935

01 May 1935

06 May 1935

18 May 1935

18 May 1935

27 May 1935

28 May 1935

29 May 1935

24 Jun 1935

14 Jul 1935

19 Jul 1935

20 Jul 1935

23 Jul 1935

28 Jul 1935

07 Aug 1935

13 Aug 1935

14 Aug 1935

15 Aug 1935

15 Aug 1935

01 Sep 1935

13 Sep 1935

02 Oct 1935

07 Oct 1935

09 Oct 1935

21 Oct 1935

30 Oct 1935

02 Nov 1935

09 Nov 1935

09 Nov 1935

11 Nov 1935

04 Dec 1935

10 Dec 1935

24 Dec 1935

31 Dec 1935

14 Jan 1936

14 Jan 1936

17 Jan 1936

21 Jan 1936

29 Jan 1936

10 Feb 1936

15 Feb 1936

05 Mar 1936

14 Mar 1936

26 Mar 1936

01 Apr 1936

07 Apr 1936

11 Apr 1936

15 Apr 1936

17 Apr 1936

21 Apr 1936

30 Apr 1936

16 May 1936

09 Jun 1936

13 Jun 1936

16 Jun 1936

15 Jul 1936

28 Jul 1936

31 Jul 1936

02 Aug 1936

03 Aug 1936

05 Aug 1936

06 Aug 1936

12 Aug 1936

22 Aug 1936

05 Sep 1936

25 Sep 1936

28 Sep 1936

28 Sep 1936

29 Sep 1936

06 Oct 1936

09 Oct 1936

01 Nov 1936

17 Nov 1936

19 Nov 1936

04 Dec 1936

06 Dec 1936

07 Dec 1936

09 Dec 1936

15 Dec 1936

18 Dec 1936

19 Dec 1936

23 Dec 1936

26 Dec 1936

27 Dec 1936

11 Jan 1937

12 Jan 1937

26 Jan 1937

09 Feb 1937

19 Feb 1937

12 Mar 1937

24 Mar 1937

25 Mar 1937

26 Mar 1937

06 May 1937

20 May 1937

02 Jun 1937

02 Jul 1937

28 Jul 1937

02 Aug 1937

03 Aug 1937

06 Aug 1937

08 Aug 1937

10 Aug 1937

23 Aug 1937

27 Aug 1937

01 Oct 1937

06 Oct 1937

17 Oct 1937

26 Oct 1937

12 Nov 1937

12 Nov 1937

16 Nov 1937

26 Nov 1937

04 Dec 1937

05 Dec 1937

05 Dec 1937

08 Dec 1937

24 Dec 1937

04 Jan 1938

10 Jan 1938

11 Jan 1938

12 Jan 1938

02 Feb 1938

05 Feb 1938

09 Feb 1938

09 Feb 1938

13 Feb 1938

22 Feb 1938

01 Mar 1938

07 Mar 1938

08 Mar 1938

23 Mar 1938

30 Apr 1938

05 May 1938

10 May 1938

16 May 1938

22 May 1938

24 May 1938

27 May 1938

27 May 1938

08 Jun 1938

19 Jun 1938

08 Jul 1938

14 Jul 1938

19 Jul 1938

22 Jul 1938

27 Jul 1938

29 Jul 1938

10 Aug 1938

10 Aug 1938

12 Aug 1938

13 Aug 1938

15 Aug 1938

18 Aug 1938

18 Aug 1938

24 Aug 1938

24 Aug 1938

29 Aug 1938

29 Aug 1938

01 Oct 1938

01 Oct 1938

10 Oct 1938

25 Oct 1938

02 Nov 1938

04 Nov 1938

14 Nov 1938

18 Nov 1938

26 Nov 1938

27 Nov 1938

29 Nov 1938

02 Dec 1938

08 Dec 1938

09 Dec 1938

12 Dec 1938

07 Jan 1939

13 Jan 1939

13 Jan 1939

18 Jan 1939

21 Jan 1939

12 Feb 1939

24 Feb 1939

14 Mar 1939

16 Mar 1939

18 Mar 1939

26 Mar 1939

03 Apr 1939

01 May 1939

02 May 1939

08 May 1939

06 Jun 1939

10 Jun 1939

20 Jun 1939

20 Jul 1939

04 Aug 1939

13 Aug 1939

15 Aug 1939

28 Aug 1939

30 Aug 1939

26 Sep 1939

10 Oct 1939

20 Nov 1939

18 Dec 1939

21 Dec 1939

24 Dec 1939

22 Jan 1940

10 Feb 1940

27 Feb 1940

01 Mar 1940

16 Mar 1940

22 Apr 1940

02 Jun 1940

14 Jun 1940

20 Jun 1940

07 Jul 1940

09 Aug 1940

13 Aug 1940

22 Aug 1940

23 Aug 1940

31 Aug 1940

22 Oct 1940

29 Oct 1940

29 Oct 1940

04 Nov 1940

04 Nov 1940

08 Nov 1940

08 Nov 1940

27 Nov 1940

04 Dec 1940

24 Dec 1940

10 Jan 1941

15 Jan 1941

17 Jan 1941

20 Jan 1941

23 Jan 1941

06 Feb 1941

26 Feb 1941

01 Mar 1941

28 Mar 1941

03 Jun 1941

18 Jun 1941

21 Jun 1941

30 Jul 1941

10 Aug 1941

14 Aug 1941

18 Aug 1941

27 Aug 1941

01 Sep 1941

01 Sep 1941

03 Oct 1941

28 Oct 1941

30 Oct 1941

30 Oct 1941

29 Nov 1941

11 Dec 1941

26 Dec 1941

29 Dec 1941

16 Jan 1942

20 Jan 1942

26 Jan 1942

30 Jan 1942

15 Feb 1942

19 Feb 1942

20 Feb 1942

28 Feb 1942

03 Mar 1942

03 Mar 1942

14 Mar 1942

21 Apr 1942

01 May 1942

12 May 1942

19 May 1942

01 Jul 1942

07 Jul 1942

20 Jul 1942

13 Aug 1942

21 Aug 1942

22 Aug 1942

23 Aug 1942

24 Sep 1942

27 Sep 1942

28 Sep 1942

01 Oct 1942

01 Oct 1942

03 Oct 1942

22 Oct 1942

22 Oct 1942

23 Oct 1942

24 Oct 1942

30 Oct 1942

17 Nov 1942

12 Dec 1942

15 Dec 1942

19 Dec 1942

20 Dec 1942

09 Jan 1943

15 Jan 1943

18 Jan 1943

21 Jan 1943

22 Jan 1943

09 Feb 1943

18 Feb 1943

22 Feb 1943

11 Mar 1943

13 Mar 1943

27 Mar 1943

04 Apr 1943

22 Apr 1943

01 Jun 1943

07 Jun 1943

08 Jun 1943

14 Jun 1943

16 Jun 1943

30 Jun 1943

04 Jul 1943

28 Jul 1943

28 Jul 1943

01 Aug 1943

07 Aug 1943

11 Aug 1943

14 Aug 1943

27 Aug 1943

27 Aug 1943

10 Sep 1943

20 Sep 1943

22 Sep 1943

15 Oct 1943

19 Oct 1943

22 Oct 1943

22 Oct 1943

05 Nov 1943

08 Nov 1943

19 Nov 1943

19 Nov 1943

26 Nov 1943

17 Dec 1943

18 Dec 1943

19 Dec 1943

29 Dec 1943

15 Jan 1944

10 Feb 1944

10 Feb 1944

20 Feb 1944

21 Feb 1944

22 Mar 1944

06 Apr 1944

17 Apr 1944

21 Apr 1944

25 Apr 1944

26 May 1944

27 May 1944

06 Jun 1944

06 Jun 1944

06 Jun 1944

08 Jun 1944

18 Jun 1944

20 Jun 1944

11 Jul 1944

23 Jul 1944

26 Jul 1944

27 Jul 1944

31 Jul 1944

03 Aug 1944

08 Aug 1944

12 Aug 1944

23 Aug 1944

28 Aug 1944

29 Aug 1944

30 Aug 1944

02 Sep 1944

07 Sep 1944

17 Sep 1944

18 Sep 1944

21 Sep 1944

27 Sep 1944

07 Oct 1944

10 Oct 1944

11 Oct 1944

11 Oct 1944

16 Oct 1944

17 Oct 1944

18 Oct 1944

04 Nov 1944

06 Nov 1944

09 Nov 1944

10 Nov 1944

19 Nov 1944

29 Nov 1944

29 Nov 1944

29 Nov 1944

30 Nov 1944

01 Dec 1944

03 Dec 1944

07 Dec 1944

15 Dec 1944

06 Jan 1945

08 Jan 1945

10 Jan 1945

14 Jan 1945

16 Jan 1945

23 Jan 1945

31 Jan 1945

02 Feb 1945

06 Feb 1945

13 Feb 1945

15 Feb 1945

23 Feb 1945

23 Feb 1945

23 Feb 1945

27 Mar 1945

09 Apr 1945

14 Apr 1945

19 Apr 1945

20 Apr 1945

20 Apr 1945

21 Apr 1945

23 Apr 1945

27 Apr 1945

05 May 1945

06 May 1945

09 May 1945

13 May 1945

30 May 1945

15 Jun 1945

24 Jun 1945

25 Jun 1945

29 Jun 1945

30 Jun 1945

04 Jul 1945

11 Jul 1945

12 Jul 1945

28 Jul 1945

01 Aug 1945

03 Aug 1945

11 Aug 1945

07 Sep 1945

11 Sep 1945

15 Sep 1945

18 Sep 1945

28 Sep 1945

05 Oct 1945

05 Oct 1945

07 Oct 1945

13 Oct 1945

16 Oct 1945

20 Oct 1945

20 Oct 1945

23 Oct 1945

24 Oct 1945

24 Oct 1945

30 Oct 1945

01 Nov 1945

03 Nov 1945

07 Nov 1945

08 Nov 1945

09 Nov 1945

11 Nov 1945

11 Nov 1945

11 Nov 1945

13 Nov 1945

15 Nov 1945

22 Nov 1945

03 Dec 1945

05 Dec 1945

08 Dec 1945

18 Dec 1945

25 Dec 1945

25 Dec 1945

30 Dec 1945

06 Jan 1946

09 Jan 1946

14 Jan 1946

15 Jan 1946

18 Jan 1946

19 Jan 1946

30 Jan 1946

31 Jan 1946

05 Feb 1946

21 Feb 1946

03 Mar 1946

05 Mar 1946

10 Mar 1946

17 Mar 1946

18 Mar 1946

19 Mar 1946

23 Mar 1946

01 Apr 1946

05 Apr 1946

08 Apr 1946

22 Apr 1946

30 Apr 1946

10 May 1946

16 May 1946

22 May 1946

01 Jun 1946

09 Jun 1946

09 Jun 1946

29 Jun 1946

29 Jun 1946

09 Jul 1946

11 Jul 1946

13 Jul 1946

17 Jul 1946

18 Jul 1946

20 Jul 1946

25 Jul 1946

26 Jul 1946

07 Aug 1946

09 Aug 1946

14 Aug 1946

20 Aug 1946

21 Aug 1946

24 Aug 1946

31 Aug 1946

03 Sep 1946

04 Sep 1946

05 Sep 1946

07 Sep 1946

07 Sep 1946

15 Sep 1946

17 Sep 1946

18 Sep 1946

19 Sep 1946

20 Sep 1946

25 Sep 1946

27 Sep 1946

27 Sep 1946

03 Oct 1946

06 Oct 1946

07 Oct 1946

08 Oct 1946

10 Oct 1946

17 Oct 1946

17 Oct 1946

23 Oct 1946

01 Nov 1946

05 Nov 1946

11 Nov 1946

13 Nov 1946

13 Nov 1946

14 Nov 1946

16 Nov 1946

26 Nov 1946

30 Nov 1946

04 Dec 1946

10 Dec 1946

10 Dec 1946

14 Dec 1946

17 Dec 1946

23 Dec 1946

24 Dec 1946

25 Dec 1946

25 Dec 1946

25 Dec 1946

28 Dec 1946

28 Dec 1946

28 Dec 1946

03 Jan 1947

05 Jan 1947

05 Jan 1947

11 Jan 1947

11 Jan 1947

12 Jan 1947

14 Jan 1947

22 Jan 1947

25 Jan 1947

25 Jan 1947

25 Jan 1947

26 Jan 1947

28 Jan 1947

01 Feb 1947

05 Feb 1947

06 Feb 1947

14 Feb 1947

15 Feb 1947

15 Feb 1947

21 Feb 1947

26 Feb 1947

05 Mar 1947

08 Mar 1947

08 Mar 1947

14 Mar 1947

17 Mar 1947

18 Mar 1947

08 Apr 1947

13 Apr 1947

22 Apr 1947

28 Apr 1947

04 May 1947

11 May 1947

16 May 1947

29 May 1947

29 May 1947

29 May 1947

30 May 1947

04 Jun 1947

11 Jun 1947

13 Jun 1947

19 Jun 1947

21 Jun 1947

01 Jul 1947

13 Jul 1947

15 Jul 1947

16 Jul 1947

25 Jul 1947

31 Jul 1947

02 Aug 1947

06 Aug 1947

08 Aug 1947

09 Aug 1947

13 Aug 1947

21 Aug 1947

23 Aug 1947

28 Aug 1947

08 Oct 1947

14 Oct 1947

16 Oct 1947

16 Oct 1947

24 Oct 1947

26 Oct 1947

26 Oct 1947

31 Oct 1947

02 Nov 1947

11 Nov 1947

13 Nov 1947

18 Nov 1947

18 Nov 1947

21 Nov 1947

27 Nov 1947

27 Nov 1947

27 Nov 1947

28 Nov 1947

30 Nov 1947

10 Dec 1947

11 Dec 1947

18 Dec 1947

23 Dec 1947

27 Dec 1947

28 Dec 1947

06 Jan 1948

06 Jan 1948

07 Jan 1948

08 Jan 1948

11 Jan 1948

13 Jan 1948

20 Jan 1948

28 Jan 1948

30 Jan 1948

07 Feb 1948

10 Feb 1948

12 Feb 1948

20 Feb 1948

21 Feb 1948

23 Feb 1948

25 Feb 1948

27 Feb 1948

02 Mar 1948

02 Mar 1948

07 Mar 1948

10 Mar 1948

12 Mar 1948

13 Mar 1948

15 Mar 1948

27 Mar 1948

05 Apr 1948

15 Apr 1948

18 Apr 1948

24 Apr 1948

13 May 1948

13 May 1948

15 May 1948

16 May 1948

20 May 1948

22 May 1948

25 May 1948

10 Jun 1948

17 Jun 1948

17 Jun 1948

26 Jun 1948

01 Jul 1948

04 Jul 1948

07 Jul 1948

14 Jul 1948

16 Jul 1948

24 Jul 1948

29 Jul 1948

29 Jul 1948

01 Aug 1948

01 Aug 1948

09 Aug 1948

20 Aug 1948

29 Aug 1948

31 Aug 1948

02 Sep 1948

30 Sep 1948

02 Oct 1948

12 Oct 1948

21 Oct 1948

23 Oct 1948

25 Oct 1948

27 Oct 1948

03 Nov 1948

04 Nov 1948

08 Nov 1948

11 Nov 1948

22 Nov 1948

26 Nov 1948

05 Dec 1948

06 Dec 1948

12 Dec 1948

15 Dec 1948

21 Dec 1948

21 Dec 1948

23 Dec 1948

28 Dec 1948

31 Dec 1948

02 Jan 1949

05 Jan 1949

06 Jan 1949

11 Jan 1949

15 Jan 1949

16 Jan 1949

17 Jan 1949

17 Jan 1949

20 Jan 1949

30 Jan 1949

02 Feb 1949

04 Feb 1949

05 Feb 1949

08 Feb 1949

10 Feb 1949

19 Feb 1949

24 Feb 1949

24 Feb 1949

10 Mar 1949

15 Mar 1949

18 Mar 1949

29 Apr 1949

04 May 1949

04 May 1949

07 May 1949

13 May 1949

06 Jun 1949

07 Jun 1949

07 Jun 1949

23 Jun 1949

02 Jul 1949

12 Jul 1949

12 Jul 1949

13 Jul 1949

19 Jul 1949

21 Jul 1949

30 Jul 1949

02 Aug 1949

03 Aug 1949

06 Aug 1949

09 Aug 1949

13 Aug 1949

15 Aug 1949

19 Aug 1949

21 Aug 1949

27 Aug 1949

09 Sep 1949

26 Sep 1949

27 Sep 1949

09 Oct 1949

28 Oct 1949

01 Nov 1949

04 Nov 1949

16 Nov 1949

20 Nov 1949

26 Nov 1949

29 Nov 1949

29 Nov 1949

01 Dec 1949

07 Dec 1949

09 Dec 1949

10 Dec 1949

12 Dec 1949

12 Dec 1949

16 Dec 1949

18 Dec 1949

30 Dec 1949

05 Jan 1950

18 Jan 1950

20 Jan 1950

24 Jan 1950

24 Jan 1950

26 Jan 1950

02 Feb 1950

27 Feb 1950

07 Mar 1950

10 Mar 1950

12 Mar 1950

25 Mar 1950

28 Mar 1950

05 Apr 1950

13 Apr 1950

15 Apr 1950

21 Apr 1950

02 May 1950

17 May 1950

23 May 1950

24 May 1950

27 May 1950

30 May 1950

05 Jun 1950

09 Jun 1950

12 Jun 1950

14 Jun 1950

23 Jun 1950

26 Jun 1950

07 Jul 1950

09 Jul 1950

17 Jul 1950

18 Jul 1950

27 Jul 1950

28 Jul 1950

29 Jul 1950

30 Jul 1950

30 Jul 1950

05 Aug 1950

22 Aug 1950

25 Aug 1950

31 Aug 1950

04 Sep 1950

14 Sep 1950

20 Sep 1950

21 Sep 1950

23 Sep 1950

26 Sep 1950

13 Oct 1950

13 Oct 1950

17 Oct 1950

31 Oct 1950

03 Nov 1950

07 Nov 1950

13 Nov 1950

17 Nov 1950

21 Nov 1950

23 Nov 1950

25 Nov 1950

01 Dec 1950

08 Dec 1950

08 Dec 1950

13 Dec 1950

13 Dec 1950

14 Dec 1950

15 Dec 1950

19 Dec 1950

22 Dec 1950

30 Dec 1950

12 Jan 1951

13 Jan 1951

14 Jan 1951

16 Jan 1951

17 Jan 1951

20 Jan 1951

28 Jan 1951

31 Jan 1951

01 Feb 1951

03 Feb 1951

14 Feb 1951

02 Mar 1951

11 Mar 1951

21 Mar 1951

22 Mar 1951

23 Mar 1951

25 Mar 1951

26 Mar 1951

27 Mar 1951

02 Apr 1951

06 Apr 1951

08 Apr 1951

09 Apr 1951

25 Apr 1951

28 Apr 1951

06 May 1951

08 May 1951

18 May 1951

03 Jun 1951

06 Jun 1951

13 Jun 1951

22 Jun 1951

29 Jun 1951

30 Jun 1951

12 Jul 1951

12 Jul 1951

12 Jul 1951

16 Jul 1951

20 Jul 1951

21 Jul 1951

24 Jul 1951

29 Jul 1951

08 Aug 1951

11 Aug 1951

17 Aug 1951

24 Aug 1951

08 Sep 1951

12 Sep 1951

12 Sep 1951

15 Sep 1951

27 Sep 1951

29 Sep 1951

08 Oct 1951

15 Oct 1951

15 Oct 1951

17 Oct 1951

22 Oct 1951

27 Oct 1951

05 Nov 1951

13 Nov 1951

15 Nov 1951

17 Nov 1951

19 Nov 1951

21 Nov 1951

24 Nov 1951

27 Nov 1951

04 Dec 1951

13 Dec 1951

16 Dec 1951

23 Dec 1951

27 Dec 1951

29 Dec 1951

30 Dec 1951

30 Dec 1951

31 Dec 1951

02 Jan 1952

10 Jan 1952

19 Jan 1952

22 Jan 1952

04 Feb 1952

07 Feb 1952

11 Feb 1952

16 Feb 1952

19 Feb 1952

19 Feb 1952

28 Feb 1952

03 Mar 1952

10 Mar 1952

12 Mar 1952

22 Mar 1952

22 Mar 1952

24 Mar 1952

26 Mar 1952

29 Mar 1952

30 Mar 1952

05 Apr 1952

09 Apr 1952

10 Apr 1952

11 Apr 1952

18 Apr 1952

29 Apr 1952

30 Apr 1952

05 May 1952

09 May 1952

13 May 1952

24 May 1952

26 May 1952

13 Jun 1952

14 Jun 1952

24 Jun 1952

25 Jun 1952

18 Jul 1952

27 Jul 1952

12 Aug 1952

21 Aug 1952

26 Aug 1952

29 Aug 1952

06 Sep 1952

10 Sep 1952

15 Sep 1952

05 Oct 1952

08 Oct 1952

14 Oct 1952

16 Oct 1952

29 Oct 1952

06 Nov 1952

07 Nov 1952

14 Nov 1952

15 Nov 1952

17 Nov 1952

22 Nov 1952

28 Nov 1952

06 Dec 1952

06 Dec 1952

20 Dec 1952

21 Dec 1952

22 Dec 1952

25 Dec 1952

25 Dec 1952

30 Dec 1952

05 Jan 1953

07 Jan 1953

07 Jan 1953

15 Jan 1953

26 Jan 1953

02 Feb 1953

03 Feb 1953

07 Feb 1953

09 Feb 1953

14 Feb 1953

03 Mar 1953

04 Mar 1953

14 Mar 1953

17 Mar 1953

18 Mar 1953

20 Mar 1953

27 Mar 1953

29 Mar 1953

10 Apr 1953

10 Apr 1953

10 Apr 1953

14 Apr 1953

14 Apr 1953

16 Apr 1953

20 Apr 1953

02 May 1953

07 May 1953

09 May 1953

11 May 1953

17 May 1953

24 May 1953

25 May 1953

27 May 1953

14 Jun 1953

15 Jun 1953

15 Jun 1953

16 Jun 1953

17 Jun 1953

18 Jun 1953

12 Jul 1953

17 Jul 1953

27 Jul 1953

03 Aug 1953

03 Aug 1953

05 Aug 1953

18 Aug 1953

01 Sep 1953

01 Sep 1953

08 Sep 1953

14 Sep 1953

16 Sep 1953

25 Sep 1953

28 Sep 1953

14 Oct 1953

17 Oct 1953

19 Oct 1953

19 Oct 1953

27 Oct 1953

29 Oct 1953

31 Oct 1953

03 Nov 1953

11 Nov 1953

04 Dec 1953

12 Dec 1953

15 Dec 1953

15 Dec 1953

17 Dec 1953

19 Dec 1953

21 Dec 1953

02 Jan 1954

05 Jan 1954

06 Jan 1954

10 Jan 1954

11 Jan 1954

12 Jan 1954

13 Jan 1954

14 Jan 1954

20 Jan 1954

01 Feb 1954

05 Feb 1954

12 Feb 1954

25 Feb 1954

26 Feb 1954

04 Mar 1954

13 Mar 1954

13 Mar 1954

14 Mar 1954

19 Mar 1954

26 Mar 1954

03 Apr 1954

04 Apr 1954

08 Apr 1954

08 Apr 1954

13 Apr 1954

13 Apr 1954

23 Apr 1954

30 Apr 1954

22 May 1954

31 May 1954

03 Jun 1954

04 Jun 1954

08 Jun 1954

19 Jun 1954

02 Jul 1954

23 Jul 1954

08 Aug 1954

09 Aug 1954

12 Aug 1954

16 Aug 1954

22 Aug 1954

23 Aug 1954

26 Aug 1954

27 Aug 1954

05 Sep 1954

12 Sep 1954

15 Sep 1954

27 Sep 1954

24 Oct 1954

28 Oct 1954

30 Oct 1954

31 Oct 1954

16 Nov 1954

30 Nov 1954

04 Dec 1954

12 Dec 1954

18 Dec 1954

18 Dec 1954

22 Dec 1954

25 Dec 1954

31 Dec 1954

12 Jan 1956

17 Jan 1956

18 Jan 1956

28 Jan 1956

13 Feb 1956

14 Feb 1956

17 Feb 1956

18 Feb 1956

20 Feb 1956

24 Feb 1956

25 Feb 1956

21 Mar 1956

28 Mar 1956

31 Mar 1956

31 Mar 1956

01 Apr 1956

02 Apr 1956

09 Apr 1956

18 Apr 1956

30 Apr 1956

15 May 1956

15 May 1956

24 May 1956

13 Jun 1956

20 Jun 1956

24 Jun 1956

30 Jun 1956

09 Jul 1956

13 Jul 1956

15 Jul 1956

16 Jul 1956

08 Aug 1956

29 Aug 1956

09 Sep 1956

09 Sep 1956

02 Oct 1956

10 Oct 1956

16 Oct 1956

19 Oct 1956

28 Oct 1956

05 Nov 1956

07 Nov 1956

15 Nov 1956

17 Nov 1956

24 Nov 1956

24 Nov 1956

27 Nov 1956

08 Dec 1956

09 Dec 1956

12 Dec 1956

22 Dec 1956

22 Dec 1956

31 Dec 1956

06 Jan 1957

11 Jan 1957

23 Jan 1957

29 Jan 1957

31 Jan 1957

01 Feb 1957

22 Feb 1957

02 Mar 1957

04 Mar 1957

05 Mar 1957

09 Mar 1957

14 Mar 1957

17 Mar 1957

18 Mar 1957

22 Mar 1957

07 Apr 1957

08 Apr 1957

10 Apr 1957

15 Apr 1957

17 Apr 1957

20 Apr 1957

01 May 1957

05 May 1957

09 May 1957

13 May 1957

13 May 1957

13 May 1957

14 Jun 1957

18 Jun 1957

22 Jun 1957

23 Jun 1957

24 Jun 1957

01 Jul 1957

03 Jul 1957

16 Jul 1957

16 Jul 1957

25 Jul 1957

11 Aug 1957

15 Aug 1957

20 Aug 1957

29 Aug 1957

03 Sep 1957

15 Sep 1957

18 Sep 1957

27 Sep 1957

28 Sep 1957

01 Oct 1957

03 Oct 1957

18 Oct 1957

23 Oct 1957

28 Oct 1957

30 Oct 1957

03 Nov 1957

04 Nov 1957

06 Nov 1957

08 Nov 1957

15 Nov 1957

15 Nov 1957

21 Nov 1957

08 Dec 1957

10 Dec 1957

11 Dec 1957

18 Dec 1957

23 Dec 1957

23 Dec 1957

31 Dec 1957

16 Jan 1958

20 Jan 1958

01 Feb 1958

01 Feb 1958

06 Feb 1958

15 Feb 1958

19 Feb 1958

19 Feb 1958

20 Feb 1958

27 Feb 1958

07 Mar 1958

07 Mar 1958

22 Mar 1958

24 Mar 1958

25 Mar 1958

27 Mar 1958

02 Apr 1958

06 Apr 1958

07 Apr 1958

14 Apr 1958

21 Apr 1958

15 May 1958

16 May 1958

18 May 1958

20 May 1958

25 May 1958

31 May 1958

31 May 1958

02 Jun 1958

02 Jun 1958

04 Jun 1958

09 Jun 1958

16 Jun 1958

25 Jun 1958

27 Jun 1958

09 Jul 1958

09 Aug 1958

11 Aug 1958

12 Aug 1958

14 Aug 1958

15 Aug 1958

15 Aug 1958

02 Sep 1958

02 Sep 1958

02 Sep 1958

05 Sep 1958

07 Sep 1958

08 Sep 1958

09 Sep 1958

19 Sep 1958

19 Sep 1958

29 Sep 1958

09 Oct 1958

14 Oct 1958

15 Oct 1958

17 Oct 1958

18 Oct 1958

22 Oct 1958

01 Nov 1958

03 Nov 1958

08 Nov 1958

09 Nov 1958

16 Nov 1958

04 Dec 1958

23 Dec 1958

24 Dec 1958

26 Dec 1958

30 Dec 1958

06 Jan 1959

08 Jan 1959

11 Jan 1959

14 Jan 1959

16 Jan 1959

18 Jan 1959

21 Jan 1959

22 Jan 1959

27 Jan 1959

01 Feb 1959

03 Feb 1959

03 Feb 1959

17 Feb 1959

18 Feb 1959

05 Mar 1959

12 Mar 1959

13 Mar 1959

29 Mar 1959

29 Mar 1959

30 Mar 1959

17 Apr 1959

23 Apr 1959

29 Apr 1959

02 May 1959

12 May 1959

12 May 1959

13 May 1959

15 May 1959

21 May 1959

01 Jun 1959

05 Jun 1959

12 Jun 1959

23 Jun 1959

26 Jun 1959

30 Jun 1959

15 Jul 1959

03 Aug 1959

14 Aug 1959

15 Aug 1959

19 Aug 1959

27 Aug 1959

02 Sep 1959

08 Sep 1959

12 Sep 1959

23 Sep 1959

24 Sep 1959

24 Sep 1959

29 Sep 1959

06 Oct 1959

23 Oct 1959

26 Oct 1959

30 Oct 1959

30 Oct 1959

04 Nov 1959

16 Nov 1959

16 Nov 1959

21 Nov 1959

24 Nov 1959

01 Dec 1959

08 Dec 1959

13 Dec 1959

17 Dec 1959

21 Dec 1959

22 Dec 1959

24 Dec 1959

31 Dec 1959

03 Jan 1960

06 Jan 1960

10 Jan 1960

18 Jan 1960

19 Jan 1960

21 Jan 1960

26 Jan 1960

05 Feb 1960

25 Feb 1960

26 Feb 1960

26 Feb 1960

15 Mar 1960

16 Mar 1960

17 Mar 1960

19 Mar 1960

05 Apr 1960

12 Apr 1960

14 Apr 1960

18 Apr 1960

19 Apr 1960

20 Apr 1960

22 Apr 1960

28 Apr 1960

15 May 1960

18 May 1960

23 May 1960

10 Jun 1960

10 Jun 1960

14 Jun 1960

24 Jun 1960

06 Jul 1960

10 Jul 1960

11 Jul 1960

14 Jul 1960

15 Jul 1960

16 Jul 1960

19 Jul 1960

20 Jul 1960

27 Jul 1960

31 Jul 1960

01 Aug 1960

17 Aug 1960

17 Aug 1960

24 Aug 1960

29 Aug 1960

02 Sep 1960

07 Sep 1960

19 Sep 1960

22 Sep 1960

22 Sep 1960

26 Sep 1960

28 Sep 1960

29 Sep 1960

04 Oct 1960

14 Oct 1960

15 Oct 1960

21 Oct 1960

28 Oct 1960

29 Oct 1960

29 Oct 1960

05 Nov 1960

07 Nov 1960

23 Nov 1960

04 Dec 1960

07 Dec 1960

11 Dec 1960

16 Dec 1960

17 Dec 1960

22 Dec 1960

26 Dec 1960

02 Jan 1961

03 Jan 1961

19 Jan 1961

22 Jan 1961

24 Jan 1961

26 Jan 1961

28 Jan 1961

03 Feb 1961

15 Feb 1961

09 Mar 1961

25 Mar 1961

28 Mar 1961

03 Apr 1961

18 Apr 1961

10 May 1961

24 May 1961

29 May 1961

30 May 1961

12 Jun 1961

13 Jun 1961

17 Jun 1961

30 Jun 1961

08 Jul 1961

10 Jul 1961

11 Jul 1961

12 Jul 1961

19 Jul 1961

21 Jul 1961

06 Aug 1961

09 Aug 1961

23 Aug 1961

29 Aug 1961

01 Sep 1961

05 Sep 1961

06 Sep 1961

06 Sep 1961

10 Sep 1961

12 Sep 1961

17 Sep 1961

17 Sep 1961

23 Sep 1961

07 Oct 1961

10 Oct 1961

01 Nov 1961

01 Nov 1961

08 Nov 1961

11 Nov 1961

21 Nov 1961

22 Nov 1961

23 Nov 1961

23 Nov 1961

30 Nov 1961

04 Dec 1961

12 Dec 1961

15 Dec 1961

17 Dec 1961

21 Dec 1961

24 Dec 1961

29 Dec 1961

31 Dec 1961

13 Jan 1962

22 Jan 1962

27 Jan 1962

04 Feb 1962

25 Feb 1962

25 Feb 1962

01 Mar 1962

04 Mar 1962

06 Mar 1962

08 Mar 1962

08 Mar 1962

08 Mar 1962

15 Mar 1962

15 Mar 1962

20 Mar 1962

27 Mar 1962

06 Apr 1962

19 Apr 1962

22 Apr 1962

06 May 1962

08 May 1962

09 May 1962

12 May 1962

15 May 1962

17 May 1962

22 May 1962

22 May 1962

24 May 1962

03 Jun 1962

04 Jun 1962

22 Jun 1962

28 Jun 1962

30 Jun 1962

06 Jul 1962

07 Jul 1962

09 Jul 1962

15 Jul 1962

16 Jul 1962

19 Jul 1962

22 Jul 1962

28 Jul 1962

30 Jul 1962

01 Aug 1962

20 Aug 1962

23 Aug 1962

24 Aug 1962

03 Sep 1962

03 Sep 1962

04 Sep 1962

10 Sep 1962

10 Sep 1962

10 Sep 1962

18 Sep 1962

20 Sep 1962

21 Sep 1962

23 Sep 1962

10 Oct 1962

10 Oct 1962

12 Oct 1962

12 Oct 1962

19 Oct 1962

25 Oct 1962

10 Nov 1962

19 Nov 1962

23 Nov 1962

23 Nov 1962

23 Nov 1962

26 Nov 1962

27 Nov 1962

30 Nov 1962

06 Dec 1962

14 Dec 1962

14 Dec 1962

19 Dec 1962

20 Dec 1962

22 Dec 1962

28 Dec 1962

29 Dec 1962

14 Jan 1963

14 Jan 1963

15 Jan 1963

17 Jan 1963

26 Jan 1963

29 Jan 1963

30 Jan 1963

01 Feb 1963

03 Feb 1963

08 Feb 1963

12 Feb 1963

28 Feb 1963

02 Mar 1963

05 Mar 1963

05 Mar 1963

15 Mar 1963

15 Mar 1963

20 Mar 1963

23 Mar 1963

30 Mar 1963

04 Apr 1963

14 Apr 1963

03 May 1963

03 May 1963

12 May 1963

03 Jun 1963

03 Jun 1963

10 Jun 1963

16 Jun 1963

16 Jun 1963

23 Jun 1963

01 Jul 1963

02 Jul 1963

03 Jul 1963

13 Jul 1963

15 Jul 1963

17 Jul 1963

27 Jul 1963

04 Aug 1963

12 Aug 1963

14 Aug 1963

17 Aug 1963

21 Aug 1963

24 Aug 1963

28 Aug 1963

02 Sep 1963

04 Sep 1963

11 Sep 1963

12 Sep 1963

22 Sep 1963

09 Oct 1963

14 Oct 1963

18 Oct 1963

20 Oct 1963

22 Oct 1963

08 Nov 1963

29 Nov 1963

07 Dec 1963

08 Dec 1963

12 Dec 1963

15 Dec 1963

17 Dec 1963

09 Jan 1964

03 Feb 1964

03 Feb 1964

04 Feb 1964

18 Feb 1964

21 Feb 1964

25 Feb 1964

27 Feb 1964

29 Feb 1964

01 Mar 1964

04 Mar 1964

08 Mar 1964

08 Mar 1964

10 Mar 1964

12 Mar 1964

20 Mar 1964

28 Mar 1964

28 Mar 1964

12 Apr 1964

17 Apr 1964

17 Apr 1964

07 May 1964

08 May 1964

11 May 1964

20 May 1964

27 May 1964

13 Jun 1964

20 Jun 1964

21 Jun 1964

08 Jul 1964

09 Jul 1964

16 Jul 1964

31 Jul 1964

22 Aug 1964

02 Sep 1964

04 Sep 1964

04 Sep 1964

15 Sep 1964

02 Oct 1964

02 Oct 1964

09 Oct 1964

19 Oct 1964

03 Nov 1964

15 Nov 1964

17 Nov 1964

20 Nov 1964

23 Nov 1964

29 Nov 1964

08 Dec 1964

11 Dec 1964

21 Dec 1964

24 Dec 1964

24 Dec 1964

29 Dec 1964

30 Dec 1964

02 Jan 1965

03 Jan 1965

16 Jan 1965

17 Jan 1965

22 Jan 1965

06 Feb 1965

08 Feb 1965

13 Feb 1965

13 Feb 1965

02 Mar 1965

08 Mar 1965

08 Mar 1965

17 Mar 1965

20 Mar 1965

22 Mar 1965

23 Mar 1965

26 Mar 1965

31 Mar 1965

10 Apr 1965

14 Apr 1965

23 Apr 1965

05 May 1965

20 May 1965

15 Jun 1965

25 Jun 1965

28 Jun 1965

01 Jul 1965

06 Jul 1965

07 Jul 1965

08 Jul 1965

11 Jul 1965

15 Jul 1965

25 Jul 1965

04 Aug 1965

12 Aug 1965

16 Aug 1965

20 Aug 1965

24 Aug 1965

04 Sep 1965

11 Sep 1965

14 Sep 1965

16 Sep 1965

16 Sep 1965

17 Sep 1965

27 Sep 1965

08 Oct 1965

17 Oct 1965

18 Oct 1965

20 Oct 1965

27 Oct 1965

02 Nov 1965

03 Nov 1965

08 Nov 1965

08 Nov 1965

10 Nov 1965

11 Nov 1965

14 Nov 1965

27 Nov 1965

04 Dec 1965

07 Dec 1965

11 Dec 1965

16 Dec 1965

01 Jan 1966

01 Jan 1966

09 Jan 1966

14 Jan 1966

15 Jan 1966

22 Jan 1966

24 Jan 1966

25 Jan 1966

28 Jan 1966

04 Feb 1966

07 Feb 1966

15 Feb 1966

16 Feb 1966

16 Feb 1966

16 Feb 1966

17 Feb 1966

18 Feb 1966

04 Mar 1966

05 Mar 1966

10 Mar 1966

10 Mar 1966

18 Mar 1966

20 Mar 1966

22 Apr 1966

23 Apr 1966

27 Apr 1966

04 May 1966

20 Jun 1966

29 Jun 1966

04 Jul 1966

11 Jul 1966

11 Jul 1966

15 Jul 1966

24 Jul 1966

03 Aug 1966

06 Aug 1966

11 Aug 1966

17 Aug 1966

17 Aug 1966

21 Aug 1966

01 Sep 1966

04 Sep 1966

16 Sep 1966

22 Sep 1966

22 Sep 1966

01 Oct 1966

04 Oct 1966

08 Oct 1966

11 Nov 1966

13 Nov 1966

15 Nov 1966

20 Nov 1966

22 Nov 1966

24 Nov 1966

26 Nov 1966

26 Nov 1966

02 Dec 1966

18 Dec 1966

24 Dec 1966

24 Dec 1966

06 Feb 1967

07 Feb 1967

09 Feb 1967

16 Feb 1967

20 Feb 1967

28 Feb 1967

05 Mar 1967

05 Mar 1967

08 Mar 1967

09 Mar 1967

10 Mar 1967

10 Mar 1967

11 Mar 1967

12 Mar 1967

13 Mar 1967

30 Mar 1967

02 Apr 1967

11 Apr 1967

17 Apr 1967

20 Apr 1967

26 Apr 1967

27 Apr 1967

01 May 1967

15 May 1967

19 May 1967

03 Jun 1967

04 Jun 1967

11 Jun 1967

12 Jun 1967

12 Jun 1967

15 Jun 1967

17 Jun 1967

23 Jun 1967

23 Jun 1967

24 Jun 1967

30 Jun 1967

06 Jul 1967

19 Jul 1967

19 Jul 1967

25 Jul 1967

25 Jul 1967

05 Sep 1967

08 Oct 1967

12 Oct 1967

24 Oct 1967

03 Nov 1967

04 Nov 1967

05 Nov 1967

06 Nov 1967

16 Nov 1967

20 Nov 1967

30 Nov 1967

07 Dec 1967

08 Dec 1967

10 Dec 1967

21 Dec 1967

25 Dec 1967

30 Dec 1967

06 Jan 1968

08 Jan 1968

10 Jan 1968

15 Jan 1968

27 Jan 1968

07 Feb 1968

07 Feb 1968

16 Feb 1968

24 Feb 1968

29 Feb 1968

05 Mar 1968

06 Mar 1968

08 Mar 1968

09 Mar 1968

24 Mar 1968

27 Mar 1968

27 Mar 1968

08 Apr 1968

08 Apr 1968

10 Apr 1968

19 Apr 1968

20 Apr 1968

30 Apr 1968

03 May 1968

12 May 1968

22 May 1968

28 May 1968

12 Jun 1968

18 Jun 1968

25 Jun 1968

28 Jun 1968

03 Jul 1968

08 Jul 1968

13 Jul 1968

15 Jul 1968

18 Jul 1968

02 Aug 1968

04 Aug 1968

09 Aug 1968

10 Aug 1968

14 Aug 1968

18 Aug 1968

20 Aug 1968

31 Aug 1968

03 Sep 1968

08 Sep 1968

11 Sep 1968

28 Sep 1968

08 Oct 1968

11 Oct 1968

20 Oct 1968

21 Oct 1968

25 Oct 1968

22 Nov 1968

23 Nov 1968

25 Nov 1968

02 Dec 1968

12 Dec 1968

24 Dec 1968

24 Dec 1968

26 Dec 1968

26 Dec 1968

27 Dec 1968

31 Dec 1968

31 Dec 1968

02 Jan 1969

02 Jan 1969

05 Jan 1969

06 Jan 1969

13 Jan 1969

16 Jan 1969

18 Jan 1969

18 Feb 1969

24 Feb 1969

05 Mar 1969

08 Mar 1969

13 Mar 1969

16 Mar 1969

20 Mar 1969

20 Mar 1969

02 Apr 1969

02 Apr 1969

02 Apr 1969

07 Apr 1969

15 Apr 1969

16 Apr 1969

21 Apr 1969

24 Apr 1969

06 May 1969

07 May 1969

23 May 1969

25 May 1969

04 Jun 1969

05 Jun 1969

23 Jun 1969

28 Jun 1969

06 Jul 1969

12 Jul 1969

15 Jul 1969

25 Jul 1969

26 Jul 1969

26 Jul 1969

03 Aug 1969

03 Aug 1969

19 Aug 1969

25 Aug 1969

26 Aug 1969

26 Aug 1969

31 Aug 1969

01 Sep 1969

02 Sep 1969

06 Sep 1969

08 Sep 1969

09 Sep 1969

12 Sep 1969

14 Sep 1969

17 Sep 1969

20 Sep 1969

21 Sep 1969

26 Sep 1969

26 Sep 1969

02 Oct 1969

13 Oct 1969

09 Nov 1969

13 Nov 1969

19 Nov 1969

20 Nov 1969

03 Dec 1969

05 Dec 1969

06 Dec 1969

08 Dec 1969

10 Dec 1969

22 Dec 1969

23 Dec 1969

05 Jan 1970

12 Jan 1970

13 Jan 1970

14 Jan 1970

25 Jan 1970

25 Jan 1970

28 Jan 1970

28 Jan 1970

29 Jan 1970

04 Feb 1970

04 Feb 1970

06 Feb 1970

10 Feb 1970

12 Feb 1970

15 Feb 1970

19 Feb 1970

21 Feb 1970

06 Mar 1970

14 Mar 1970

16 Mar 1970

26 Mar 1970

01 Apr 1970

01 Apr 1970

04 Apr 1970

21 Apr 1970

25 Apr 1970

28 Apr 1970

02 May 1970

04 May 1970

06 May 1970

09 May 1970

09 May 1970

15 May 1970

26 May 1970

30 May 1970

01 Jun 1970

02 Jun 1970

10 Jun 1970

03 Jul 1970

03 Jul 1970

05 Jul 1970

18 Jul 1970

27 Jul 1970

03 Aug 1970

06 Aug 1970

09 Aug 1970

12 Aug 1970

26 Aug 1970

29 Aug 1970

30 Aug 1970

02 Sep 1970

02 Sep 1970

03 Sep 1970

08 Sep 1970

26 Sep 1970

30 Sep 1970

02 Oct 1970

02 Oct 1970

04 Oct 1970

06 Oct 1970

10 Oct 1970

28 Oct 1970

14 Nov 1970

27 Nov 1970

27 Nov 1970

29 Nov 1970

02 Dec 1970

05 Dec 1970

07 Dec 1970

28 Dec 1970

31 Dec 1970

31 Dec 1970

31 Dec 1970

02 Jan 1971

09 Jan 1971

18 Jan 1971

21 Jan 1971

21 Jan 1971

22 Jan 1971

23 Jan 1971

25 Jan 1971

31 Jan 1971

17 Feb 1971

26 Mar 1971

31 Mar 1971

31 Mar 1971

15 Apr 1971

22 Apr 1971

11 May 1971

23 May 1971

25 May 1971

28 May 1971

06 Jun 1971

07 Jun 1971

13 Jun 1971

17 Jun 1971

28 Jun 1971

03 Jul 1971

24 Jul 1971

25 Jul 1971

25 Jul 1971

30 Jul 1971

30 Jul 1971

30 Jul 1971

18 Aug 1971

19 Aug 1971

28 Aug 1971

04 Sep 1971

06 Sep 1971

16 Sep 1971

16 Sep 1971

17 Sep 1971

28 Sep 1971

02 Oct 1971

10 Oct 1971

16 Oct 1971

17 Oct 1971

21 Oct 1971

23 Oct 1971

24 Oct 1971

09 Nov 1971

10 Nov 1971

12 Nov 1971

21 Nov 1971

28 Nov 1971

01 Dec 1971

04 Dec 1971

06 Dec 1971

09 Dec 1971

21 Dec 1971

24 Dec 1971

06 Jan 1972

07 Jan 1972

21 Jan 1972

21 Jan 1972

26 Jan 1972

01 Feb 1972

04 Feb 1972

05 Feb 1972

11 Feb 1972

03 Mar 1972

14 Mar 1972

19 Mar 1972

12 Apr 1972

16 Apr 1972

17 Apr 1972

18 Apr 1972

20 Apr 1972

24 Apr 1972

04 May 1972

05 May 1972

08 May 1972

10 May 1972

16 May 1972

18 May 1972

21 May 1972

27 May 1972

29 May 1972

29 May 1972

30 May 1972

05 Jun 1972

13 Jun 1972

13 Jun 1972

14 Jun 1972

15 Jun 1972

18 Jun 1972

24 Jun 1972

29 Jun 1972

05 Jul 1972

06 Jul 1972

11 Jul 1972

11 Jul 1972

20 Jul 1972

29 Jul 1972

12 Aug 1972

12 Aug 1972

14 Aug 1972

16 Aug 1972

27 Aug 1972

28 Aug 1972

31 Aug 1972

01 Sep 1972

07 Sep 1972

10 Sep 1972

13 Sep 1972

24 Sep 1972

24 Sep 1972

01 Oct 1972

02 Oct 1972

13 Oct 1972

13 Oct 1972

16 Oct 1972

21 Oct 1972

23 Oct 1972

27 Oct 1972

30 Oct 1972

31 Oct 1972

04 Nov 1972

17 Nov 1972

28 Nov 1972

03 Dec 1972

08 Dec 1972

08 Dec 1972

20 Dec 1972

21 Dec 1972

23 Dec 1972

29 Dec 1972

31 Dec 1972

02 Jan 1973

19 Jan 1973

21 Jan 1973

22 Jan 1973

27 Jan 1973

29 Jan 1973

19 Feb 1973

19 Feb 1973

21 Feb 1973

21 Feb 1973

24 Feb 1973

28 Feb 1973

28 Feb 1973

03 Mar 1973

05 Mar 1973

15 Mar 1973

19 Mar 1973

10 Apr 1973

12 Apr 1973

18 Apr 1973

11 May 1973

18 May 1973

19 May 1973

29 May 1973

31 May 1973

01 Jun 1973

03 Jun 1973

09 Jun 1973

20 Jun 1973

30 Jun 1973

04 Jul 1973

09 Jul 1973

11 Jul 1973

22 Jul 1973

23 Jul 1973

24 Jul 1973

31 Jul 1973

13 Aug 1973

15 Aug 1973

18 Aug 1973

22 Aug 1973

27 Aug 1973

28 Aug 1973

28 Aug 1973

08 Sep 1973

11 Sep 1973

20 Sep 1973

27 Sep 1973

30 Sep 1973

30 Sep 1973

02 Oct 1973

13 Oct 1973

23 Oct 1973

02 Nov 1973

03 Nov 1973

03 Nov 1973

17 Nov 1973

07 Dec 1973

16 Dec 1973

17 Dec 1973

21 Dec 1973

22 Dec 1973

23 Dec 1973

28 Dec 1973

01 Jan 1974

06 Jan 1974

06 Jan 1974

06 Jan 1974

09 Jan 1974

10 Jan 1974

17 Jan 1974

26 Jan 1974

30 Jan 1974

02 Feb 1974

09 Feb 1974

22 Feb 1974

23 Feb 1974

03 Mar 1974

08 Mar 1974

13 Mar 1974

15 Mar 1974

04 Apr 1974

22 Apr 1974

27 Apr 1974

30 Apr 1974

02 May 1974

06 May 1974

23 May 1974

23 May 1974

31 May 1974

08 Jun 1974

27 Jun 1974

30 Jun 1974

24 Jul 1974

27 Jul 1974

05 Aug 1974

11 Aug 1974

12 Aug 1974

14 Aug 1974

18 Aug 1974

07 Sep 1974

08 Sep 1974

11 Sep 1974

15 Sep 1974

19 Oct 1974

27 Oct 1974

28 Oct 1974

01 Nov 1974

15 Nov 1974

20 Nov 1974

20 Nov 1974

22 Nov 1974

01 Dec 1974

01 Dec 1974

04 Dec 1974

04 Dec 1974

11 Dec 1974

12 Dec 1974

14 Dec 1974

22 Dec 1974

29 Dec 1974

29 Dec 1974

03 Jan 1975

08 Jan 1975

09 Jan 1975

15 Jan 1975

16 Jan 1975

30 Jan 1975

30 Jan 1975

01 Feb 1975

03 Feb 1975

09 Feb 1975

16 Feb 1975

22 Feb 1975

27 Feb 1975

12 Mar 1975

16 Mar 1975

18 Mar 1975

18 Mar 1975

20 Mar 1975

04 Apr 1975

13 May 1975

03 Jun 1975

17 Jun 1975

24 Jun 1975

26 Jun 1975

10 Jul 1975

15 Jul 1975

31 Jul 1975

03 Aug 1975

03 Aug 1975

07 Aug 1975

09 Aug 1975

15 Aug 1975

20 Aug 1975

30 Aug 1975

01 Sep 1975

11 Sep 1975

24 Sep 1975

30 Sep 1975

30 Sep 1975

22 Oct 1975

23 Oct 1975

27 Oct 1975

30 Oct 1975

03 Nov 1975

17 Nov 1975

18 Nov 1975

20 Nov 1975

22 Nov 1975

25 Nov 1975

29 Nov 1975

26 Dec 1975

01 Jan 1976

03 Jan 1976

03 Jan 1976

08 Jan 1976

18 Jan 1976

20 Jan 1976

21 Jan 1976

22 Jan 1976

04 Feb 1976

08 Feb 1976

09 Feb 1976

21 Feb 1976

01 Mar 1976

02 Mar 1976

06 Mar 1976

07 Mar 1976

02 Apr 1976

05 Apr 1976

14 Apr 1976

23 Apr 1976

27 Apr 1976

05 May 1976

09 May 1976

15 May 1976

23 May 1976

01 Jun 1976

04 Jun 1976

06 Jun 1976

27 Jun 1976

05 Jul 1976

28 Jul 1976

02 Aug 1976

09 Aug 1976

15 Aug 1976

28 Aug 1976

28 Aug 1976

02 Sep 1976

03 Sep 1976

09 Sep 1976

10 Sep 1976

19 Sep 1976

26 Sep 1976

04 Oct 1976

06 Oct 1976

13 Oct 1976

13 Oct 1976

28 Oct 1976

04 Nov 1976

05 Nov 1976

23 Nov 1976

28 Nov 1976

12 Dec 1976

17 Dec 1976

17 Dec 1976

18 Dec 1976

25 Dec 1976

31 Dec 1976

06 Jan 1977

13 Jan 1977

13 Jan 1977

14 Jan 1977

15 Jan 1977

20 Jan 1977

11 Feb 1977

15 Feb 1977

28 Feb 1977

01 Mar 1977

03 Mar 1977

04 Mar 1977

27 Mar 1977

29 Mar 1977

30 Mar 1977

04 Apr 1977

10 Apr 1977

19 Apr 1977

27 Apr 1977

10 May 1977

13 May 1977

14 May 1977

16 May 1977

27 May 1977

03 Jun 1977

20 Jun 1977

21 Jun 1977

06 Jul 1977

08 Jul 1977

14 Jul 1977

20 Jul 1977

20 Jul 1977

24 Jul 1977

25 Jul 1977

01 Aug 1977

20 Aug 1977

25 Aug 1977

02 Sep 1977

04 Sep 1977

06 Sep 1977

08 Sep 1977

12 Sep 1977

14 Sep 1977

22 Sep 1977

27 Sep 1977

20 Oct 1977

21 Oct 1977

03 Nov 1977

19 Nov 1977

19 Nov 1977

21 Nov 1977

26 Nov 1977

02 Dec 1977

04 Dec 1977

08 Dec 1977

09 Dec 1977

11 Dec 1977

13 Dec 1977

18 Dec 1977

18 Dec 1977

19 Dec 1977

24 Dec 1977

29 Dec 1977

01 Jan 1978

27 Jan 1978

31 Jan 1978

10 Feb 1978

10 Feb 1978

11 Feb 1978

28 Feb 1978

01 Mar 1978

02 Mar 1978

03 Mar 1978

16 Mar 1978

22 Mar 1978

25 Mar 1978

04 Apr 1978

05 Apr 1978

20 Apr 1978

29 Apr 1978

08 May 1978

19 May 1978

23 Jun 1978

26 Jun 1978

26 Jun 1978

14 Aug 1978

26 Aug 1978

30 Aug 1978

03 Sep 1978

03 Sep 1978

03 Sep 1978

09 Sep 1978

09 Sep 1978

13 Sep 1978

14 Sep 1978

25 Sep 1978

03 Oct 1978

03 Oct 1978

06 Oct 1978

07 Oct 1978

08 Oct 1978

22 Oct 1978

23 Oct 1978

05 Nov 1978

15 Nov 1978

18 Nov 1978

19 Nov 1978

21 Nov 1978

25 Nov 1978

04 Dec 1978

16 Dec 1978

17 Dec 1978

23 Dec 1978

28 Dec 1978

15 Jan 1979

24 Jan 1979

27 Jan 1979

30 Jan 1979

08 Feb 1979

12 Feb 1979

12 Feb 1979

17 Feb 1979

19 Feb 1979

01 Mar 1979

10 Mar 1979

14 Mar 1979

14 Mar 1979

17 Mar 1979

26 Mar 1979

29 Mar 1979

14 Apr 1979

18 Apr 1979

23 Apr 1979

25 May 1979

25 May 1979

27 May 1979

30 May 1979

07 Jun 1979

17 Jun 1979

11 Jul 1979

12 Jul 1979

12 Jul 1979

23 Jul 1979

24 Jul 1979

31 Jul 1979

02 Aug 1979

03 Aug 1979

04 Aug 1979

11 Aug 1979

24 Aug 1979

29 Aug 1979

03 Sep 1979

11 Sep 1979

14 Sep 1979

14 Sep 1979

18 Sep 1979

19 Sep 1979

30 Sep 1979

07 Oct 1979

08 Oct 1979

27 Oct 1979

31 Oct 1979

15 Nov 1979

16 Nov 1979

18 Nov 1979

26 Nov 1979

28 Nov 1979

30 Nov 1979

09 Dec 1979

12 Dec 1979

18 Dec 1979

22 Dec 1979

23 Dec 1979

23 Dec 1979

02 Jan 1980

11 Jan 1980

14 Jan 1980

21 Jan 1980

23 Jan 1980

24 Jan 1980

03 Feb 1980

21 Feb 1980

21 Feb 1980

22 Feb 1980

27 Feb 1980

14 Mar 1980

14 Mar 1980

21 Mar 1980

21 Mar 1980

12 Apr 1980

14 Apr 1980

24 Apr 1980

25 Apr 1980

27 Apr 1980

02 Jun 1980

08 Jun 1980

12 Jun 1980

12 Jun 1980

27 Jun 1980

08 Jul 1980

01 Aug 1980

06 Aug 1980

07 Aug 1980

19 Aug 1980

26 Aug 1980

05 Sep 1980

10 Sep 1980

12 Sep 1980

14 Sep 1980

15 Sep 1980

17 Sep 1980

30 Sep 1980

12 Nov 1980

19 Nov 1980

24 Nov 1980

28 Nov 1980

05 Dec 1980

21 Dec 1980

23 Dec 1980

14 Jan 1981

20 Jan 1981

07 Feb 1981

11 Feb 1981

22 Feb 1981

24 Feb 1981

26 Feb 1981

10 Mar 1981

15 Mar 1981

26 Mar 1981

06 Apr 1981

07 Apr 1981

17 Apr 1981

28 Apr 1981

28 Apr 1981

06 May 1981

07 May 1981

16 May 1981

21 May 1981

22 May 1981

29 May 1981

14 Jun 1981

26 Jun 1981

18 Jul 1981

20 Jul 1981

24 Jul 1981

25 Jul 1981

27 Jul 1981

22 Aug 1981

24 Aug 1981

27 Aug 1981

29 Aug 1981

02 Sep 1981

18 Sep 1981

21 Sep 1981

22 Sep 1981

29 Sep 1981

01 Oct 1981

06 Oct 1981

15 Oct 1981

26 Oct 1981

31 Oct 1981

08 Nov 1981

16 Nov 1981

19 Nov 1981

30 Nov 1981

01 Dec 1981

05 Dec 1981

16 Dec 1981

18 Dec 1981

07 Jan 1982

13 Jan 1982

14 Jan 1982

23 Jan 1982

25 Jan 1982

03 Feb 1982

06 Feb 1982

07 Feb 1982

09 Feb 1982

09 Feb 1982

19 Feb 1982

21 Feb 1982

11 Mar 1982

19 Mar 1982

19 Mar 1982

20 Mar 1982

26 Mar 1982

11 Apr 1982

13 Apr 1982

26 Apr 1982

30 Apr 1982

09 May 1982

12 May 1982

19 May 1982

25 May 1982

28 May 1982

01 Jun 1982

08 Jun 1982

12 Jun 1982

22 Jun 1982

24 Jun 1982

28 Jun 1982

03 Jul 1982

06 Jul 1982

09 Jul 1982

11 Jul 1982

23 Jul 1982

11 Aug 1982

12 Aug 1982

14 Aug 1982

14 Aug 1982

01 Sep 1982

04 Sep 1982

11 Sep 1982

13 Sep 1982

29 Sep 1982

17 Nov 1982

29 Nov 1982

29 Nov 1982

07 Dec 1982

09 Dec 1982

09 Dec 1982

23 Dec 1982

24 Dec 1982

09 Jan 1983

11 Jan 1983

16 Jan 1983

13 Feb 1983

09 Mar 1983

10 Mar 1983

11 Mar 1983

30 Mar 1983

07 Apr 1983

16 Apr 1983

19 Apr 1983

19 Apr 1983

26 Apr 1983

29 Apr 1983

30 Apr 1983

05 May 1983

05 May 1983

06 May 1983

02 Jun 1983

02 Jun 1983

06 Jun 1983

08 Jun 1983

16 Jun 1983

21 Jun 1983

28 Jun 1983

01 Jul 1983

11 Jul 1983

16 Jul 1983

23 Jul 1983

17 Aug 1983

30 Aug 1983

01 Sep 1983

02 Sep 1983

14 Sep 1983

23 Sep 1983

28 Sep 1983

07 Oct 1983

08 Oct 1983

11 Oct 1983

28 Oct 1983

08 Nov 1983

23 Nov 1983

27 Nov 1983

28 Nov 1983

07 Dec 1983

14 Dec 1983

17 Dec 1983

24 Dec 1983

02 Jan 1984

03 Jan 1984

09 Jan 1984

10 Jan 1984

13 Jan 1984

28 Jan 1984

30 Jan 1984

16 Feb 1984

19 Feb 1984

28 Feb 1984

13 Mar 1984

16 Mar 1984

24 Mar 1984

24 Mar 1984

31 Mar 1984

18 Apr 1984

08 May 1984

30 May 1984

04 Jun 1984

19 Jun 1984

28 Jun 1984

11 Jul 1984

12 Jul 1984

21 Jul 1984

02 Aug 1984

04 Aug 1984

05 Aug 1984

11 Aug 1984

15 Aug 1984

24 Aug 1984

30 Aug 1984

06 Sep 1984

07 Sep 1984

11 Sep 1984

16 Sep 1984

18 Sep 1984

21 Sep 1984

09 Oct 1984

11 Oct 1984

11 Oct 1984

27 Oct 1984

31 Oct 1984

20 Nov 1984

04 Dec 1984

06 Dec 1984

19 Dec 1984

22 Dec 1984

23 Dec 1984

01 Jan 1985

09 Jan 1985

18 Jan 1985

19 Jan 1985

20 Jan 1985

21 Jan 1985

22 Jan 1985

23 Jan 1985

23 Jan 1985

01 Feb 1985

04 Feb 1985

19 Feb 1985

19 Feb 1985

22 Feb 1985

25 Feb 1985

12 Mar 1985

28 Mar 1985

11 Apr 1985

15 Apr 1985

16 Apr 1985

20 Apr 1985

20 Apr 1985

03 May 1985

06 May 1985

28 May 1985

31 May 1985

14 Jun 1985

23 Jun 1985

23 Jun 1985

10 Jul 1985

24 Jul 1985

02 Aug 1985

12 Aug 1985

12 Aug 1985

15 Aug 1985

22 Aug 1985

25 Aug 1985

27 Aug 1985

04 Sep 1985

06 Sep 1985

22 Sep 1985

25 Sep 1985

29 Sep 1985

09 Oct 1985

10 Oct 1985

11 Oct 1985

11 Oct 1985

11 Oct 1985

12 Oct 1985

15 Nov 1985

21 Nov 1985

24 Nov 1985

25 Nov 1985

12 Dec 1985

30 Dec 1985

31 Dec 1985

18 Jan 1986

21 Jan 1986

28 Jan 1986

29 Jan 1986

05 Feb 1986

16 Feb 1986

02 Mar 1986

13 Mar 1986

20 Mar 1986

24 Mar 1986

25 Mar 1986

27 Mar 1986

30 Mar 1986

31 Mar 1986

02 Apr 1986

02 Apr 1986

27 Apr 1986

01 May 1986

03 May 1986

03 May 1986

18 May 1986

24 May 1986

10 Jun 1986

12 Jun 1986

18 Jun 1986

02 Jul 1986

10 Jul 1986

04 Aug 1986

14 Aug 1986

16 Aug 1986

28 Aug 1986

31 Aug 1986

05 Sep 1986

09 Sep 1986

19 Sep 1986

04 Oct 1986

14 Oct 1986

15 Oct 1986

19 Oct 1986

20 Oct 1986

22 Oct 1986

23 Oct 1986

30 Oct 1986

02 Nov 1986

06 Nov 1986

25 Nov 1986

12 Dec 1986

15 Dec 1986

25 Dec 1986

27 Dec 1986

02 Jan 1987

03 Jan 1987

13 Jan 1987

15 Jan 1987

16 Jan 1987

06 Feb 1987

09 Feb 1987

04 Mar 1987

06 Mar 1987

13 Mar 1987

21 Mar 1987

30 Mar 1987

04 Apr 1987

13 Apr 1987

23 Apr 1987

05 May 1987

08 May 1987

09 May 1987

11 May 1987

20 May 1987

23 May 1987

25 May 1987

11 Jun 1987

18 Jun 1987

19 Jun 1987

21 Jun 1987

26 Jun 1987

01 Jul 1987

24 Jul 1987

30 Jul 1987

04 Aug 1987

16 Aug 1987

31 Aug 1987

08 Sep 1987

13 Sep 1987

21 Sep 1987

11 Oct 1987

11 Oct 1987

15 Oct 1987

19 Oct 1987

20 Oct 1987

06 Nov 1987

15 Nov 1987

23 Nov 1987

28 Nov 1987

29 Nov 1987

03 Dec 1987

07 Dec 1987

08 Dec 1987

13 Dec 1987

14 Dec 1987

21 Dec 1987

21 Dec 1987

30 Dec 1987

02 Jan 1988

18 Jan 1988

18 Jan 1988

18 Jan 1988

19 Jan 1988

19 Jan 1988

24 Jan 1988

01 Feb 1988

08 Feb 1988

19 Feb 1988

27 Feb 1988

27 Feb 1988

01 Mar 1988

04 Mar 1988

08 Mar 1988

17 Mar 1988

31 Mar 1988

05 Apr 1988

10 Apr 1988

12 Apr 1988

19 Apr 1988

27 Apr 1988

28 Apr 1988

06 May 1988

24 May 1988

26 May 1988

26 May 1988

12 Jun 1988

18 Jun 1988

26 Jun 1988

03 Jul 1988

06 Jul 1988

20 Jul 1988

21 Jul 1988

02 Aug 1988

15 Aug 1988

17 Aug 1988

26 Aug 1988

31 Aug 1988

31 Aug 1988

31 Aug 1988

31 Aug 1988

09 Sep 1988

12 Sep 1988

15 Sep 1988

19 Sep 1988

02 Oct 1988

04 Oct 1988

07 Oct 1988

11 Oct 1988

17 Oct 1988

19 Oct 1988

19 Oct 1988

25 Oct 1988

02 Nov 1988

14 Nov 1988

18 Nov 1988

30 Nov 1988

07 Dec 1988

08 Dec 1988

10 Dec 1988

11 Dec 1988

14 Dec 1988

21 Dec 1988

08 Jan 1989

31 Jan 1989

03 Feb 1989

06 Feb 1989

08 Feb 1989

19 Feb 1989

24 Feb 1989

28 Feb 1989

10 Mar 1989

10 Mar 1989

15 Mar 1989

18 Mar 1989

20 Mar 1989

21 Mar 1989

10 Apr 1989

19 Apr 1989

26 Apr 1989

05 May 1989

08 May 1989

09 May 1989

07 Jun 1989

11 Jun 1989

17 Jun 1989

18 Jun 1989

22 Jun 1989

27 Jun 1989

28 Jun 1989

28 Jun 1989

29 Jun 1989

19 Jul 1989

19 Jul 1989

19 Jul 1989

21 Jul 1989

21 Jul 1989

23 Jul 1989

26 Jul 1989

27 Jul 1989

27 Jul 1989

31 Jul 1989

03 Aug 1989

07 Aug 1989

08 Aug 1989

13 Aug 1989

15 Aug 1989

25 Aug 1989

03 Sep 1989

03 Sep 1989

08 Sep 1989

15 Sep 1989

15 Sep 1989

19 Sep 1989

20 Sep 1989

20 Sep 1989

21 Sep 1989

21 Sep 1989

23 Sep 1989

26 Sep 1989

27 Sep 1989

28 Sep 1989

04 Oct 1989

06 Oct 1989

10 Oct 1989

10 Oct 1989

18 Oct 1989

20 Oct 1989

21 Oct 1989

26 Oct 1989

26 Oct 1989

28 Oct 1989

09 Nov 1989

10 Nov 1989

21 Nov 1989

23 Nov 1989

25 Nov 1989

27 Nov 1989

27 Nov 1989

28 Nov 1989

28 Nov 1989

01 Dec 1989

21 Dec 1989

26 Dec 1989

28 Dec 1989

30 Dec 1989

02 Jan 1990

13 Jan 1990

15 Jan 1990

17 Jan 1990

23 Jan 1990

25 Jan 1990

25 Jan 1990

26 Jan 1990

27 Jan 1990

29 Jan 1990

29 Jan 1990

05 Feb 1990

12 Feb 1990

14 Feb 1990

17 Feb 1990

27 Feb 1990

01 Mar 1990

12 Mar 1990

21 Mar 1990

23 Mar 1990

27 Mar 1990

27 Mar 1990

12 Apr 1990

18 Apr 1990

20 Apr 1990

26 Apr 1990

30 Apr 1990

30 Apr 1990

05 May 1990

10 May 1990

11 May 1990

11 May 1990

18 May 1990

06 Jun 1990

06 Jun 1990

10 Jun 1990

05 Jul 1990

27 Jul 1990

31 Jul 1990

01 Aug 1990

10 Aug 1990

27 Aug 1990

29 Aug 1990

03 Sep 1990

11 Sep 1990

12 Sep 1990

14 Sep 1990

20 Sep 1990

24 Sep 1990

02 Oct 1990

03 Oct 1990

19 Oct 1990

24 Oct 1990

14 Nov 1990

18 Nov 1990

19 Nov 1990

21 Nov 1990

25 Nov 1990

03 Dec 1990

04 Dec 1990

06 Dec 1990

10 Jan 1991

30 Jan 1991

31 Jan 1991

01 Feb 1991

05 Feb 1991

14 Feb 1991

17 Feb 1991

20 Feb 1991

22 Feb 1991

03 Mar 1991

05 Mar 1991

16 Mar 1991

16 Mar 1991

21 Mar 1991

21 Mar 1991

23 Mar 1991

25 Mar 1991

04 Apr 1991

04 Apr 1991

05 Apr 1991

19 Apr 1991

09 May 1991

13 May 1991

15 May 1991

23 May 1991

24 May 1991

26 May 1991

01 Jun 1991

10 Jun 1991

20 Jun 1991

26 Jun 1991

26 Jun 1991

04 Jul 1991

09 Jul 1991

10 Jul 1991

11 Jul 1991

25 Jul 1991

06 Aug 1991

14 Aug 1991

16 Aug 1991

20 Aug 1991

28 Aug 1991

03 Sep 1991

04 Sep 1991

11 Sep 1991

16 Sep 1991

17 Sep 1991

18 Sep 1991

23 Sep 1991

26 Sep 1991

27 Sep 1991

29 Sep 1991

05 Oct 1991

13 Oct 1991

25 Oct 1991

25 Oct 1991

30 Oct 1991

01 Nov 1991

07 Nov 1991

11 Nov 1991

16 Nov 1991

20 Nov 1991

20 Nov 1991

25 Nov 1991

26 Nov 1991

29 Nov 1991

22 Dec 1991

27 Dec 1991

29 Dec 1991

20 Jan 1992

28 Jan 1992

03 Feb 1992

09 Feb 1992

15 Feb 1992

20 Feb 1992

02 Mar 1992

12 Mar 1992

22 Mar 1992

24 Mar 1992

04 Apr 1992

07 Apr 1992

10 Apr 1992

14 Apr 1992

16 Apr 1992

22 Apr 1992

22 Apr 1992

26 Apr 1992

06 Jun 1992

07 Jun 1992

22 Jun 1992

22 Jun 1992

05 Jul 1992

13 Jul 1992

14 Jul 1992

14 Jul 1992

20 Jul 1992

24 Jul 1992

24 Jul 1992

27 Jul 1992

30 Jul 1992

31 Jul 1992

31 Jul 1992

21 Aug 1992

25 Aug 1992

27 Aug 1992

27 Aug 1992

27 Aug 1992

31 Aug 1992

10 Sep 1992

12 Sep 1992

16 Sep 1992

18 Sep 1992

19 Sep 1992

21 Sep 1992

26 Sep 1992

28 Sep 1992

04 Oct 1992

07 Oct 1992

08 Oct 1992

09 Oct 1992

18 Oct 1992

19 Oct 1992

21 Oct 1992

29 Oct 1992

11 Nov 1992

11 Nov 1992

14 Nov 1992

15 Nov 1992

24 Nov 1992

30 Nov 1992

09 Dec 1992

13 Dec 1992

14 Dec 1992

21 Dec 1992

22 Dec 1992

03 Jan 1993

06 Jan 1993

09 Jan 1993

13 Jan 1993

14 Jan 1993

27 Jan 1993

31 Jan 1993

08 Feb 1993

10 Feb 1993

20 Feb 1993

28 Feb 1993

05 Mar 1993

23 Mar 1993

31 Mar 1993

01 Apr 1993

02 Apr 1993

06 Apr 1993

19 Apr 1993

23 Apr 1993

26 Apr 1993

27 Apr 1993

27 Apr 1993

11 May 1993

15 May 1993

19 May 1993

06 Jun 1993

09 Jun 1993

16 Jun 1993

17 Jun 1993

01 Jul 1993

06 Jul 1993

12 Jul 1993

23 Jul 1993

26 Jul 1993

30 Jul 1993

31 Jul 1993

18 Aug 1993

26 Aug 1993

28 Aug 1993

14 Sep 1993

21 Sep 1993

22 Sep 1993

04 Oct 1993

25 Oct 1993

26 Oct 1993

27 Oct 1993

10 Nov 1993

13 Nov 1993

15 Nov 1993

20 Nov 1993

01 Dec 1993

03 Dec 1993

09 Dec 1993

13 Dec 1993

15 Dec 1993

26 Dec 1993

03 Jan 1994

07 Jan 1994

24 Feb 1994

25 Feb 1994

25 Feb 1994

02 Mar 1994

08 Mar 1994

14 Mar 1994

17 Mar 1994

18 Mar 1994

18 Mar 1994

21 Mar 1994

23 Mar 1994

03 Apr 1994

04 Apr 1994

06 Apr 1994

06 Apr 1994

14 Apr 1994

25 Apr 1994

26 Apr 1994

07 May 1994

23 May 1994

28 May 1994

02 Jun 1994

06 Jun 1994

13 Jun 1994

18 Jun 1994

18 Jun 1994

26 Jun 1994

29 Jun 1994

30 Jun 1994

01 Jul 1994

02 Jul 1994

14 Jul 1994

17 Jul 1994

17 Jul 1994

19 Jul 1994

26 Jul 1994

05 Aug 1994

07 Aug 1994

10 Aug 1994

11 Aug 1994

12 Aug 1994

21 Aug 1994

08 Sep 1994

13 Sep 1994

17 Sep 1994

18 Sep 1994

23 Sep 1994

26 Sep 1994

28 Sep 1994

30 Sep 1994

08 Oct 1994

12 Oct 1994

14 Oct 1994

26 Oct 1994

29 Oct 1994

29 Oct 1994

31 Oct 1994

01 Nov 1994

04 Nov 1994

05 Nov 1994

16 Nov 1994

22 Nov 1994

22 Nov 1994

25 Nov 1994

10 Dec 1994

13 Dec 1994

15 Dec 1994

17 Dec 1994

17 Dec 1994

21 Dec 1994

26 Dec 1994

29 Dec 1994

05 Jan 1995

10 Jan 1995

11 Jan 1995

14 Jan 1995

17 Jan 1995

20 Jan 1995

20 Jan 1995

16 Feb 1995

16 Mar 1995

31 Mar 1995

23 Apr 1995

29 Apr 1995

01 May 1995

03 May 1995

09 May 1995

13 May 1995

24 May 1995

25 May 1995

29 May 1995

09 Jun 1995

16 Jun 1995

16 Jun 1995

17 Jun 1995

24 Jun 1995

27 Jun 1995

01 Jul 1995

12 Jul 1995

17 Jul 1995

18 Jul 1995

25 Jul 1995

02 Aug 1995

09 Aug 1995

09 Aug 1995

14 Aug 1995

21 Aug 1995

01 Sep 1995

02 Sep 1995

02 Sep 1995

09 Sep 1995

11 Sep 1995

12 Sep 1995

15 Sep 1995

21 Sep 1995

22 Sep 1995

24 Sep 1995

27 Sep 1995

03 Oct 1995

04 Oct 1995

09 Nov 1995

13 Nov 1995

22 Nov 1995

29 Nov 1995

30 Nov 1995

03 Dec 1995

05 Dec 1995

07 Dec 1995

13 Dec 1995

18 Dec 1995

20 Dec 1995

22 Dec 1995

08 Jan 1996

08 Jan 1996

18 Jan 1996

22 Jan 1996

04 Feb 1996

05 Feb 1996

06 Feb 1996

11 Feb 1996

12 Feb 1996

26 Feb 1996

27 Feb 1996

29 Feb 1996

09 Mar 1996

12 Mar 1996

03 Apr 1996

05 Apr 1996

05 Apr 1996

11 Apr 1996

03 May 1996

09 May 1996

10 May 1996

11 May 1996

11 May 1996

19 May 1996

06 Jun 1996

09 Jun 1996

12 Jun 1996

13 Jun 1996

21 Jun 1996

06 Jul 1996

09 Jul 1996

11 Jul 1996

15 Jul 1996

17 Jul 1996

17 Jul 1996

20 Jul 1996

24 Jul 1996

12 Aug 1996

14 Aug 1996

17 Aug 1996

18 Aug 1996

19 Aug 1996

29 Aug 1996

25 Sep 1996

02 Oct 1996

03 Oct 1996

06 Oct 1996

08 Oct 1996

22 Oct 1996

26 Oct 1996

31 Oct 1996

01 Nov 1996

07 Nov 1996

07 Nov 1996

12 Nov 1996

14 Nov 1996

19 Nov 1996

22 Nov 1996

23 Nov 1996

27 Nov 1996

30 Nov 1996

07 Dec 1996

09 Dec 1996

17 Dec 1996

21 Dec 1996

22 Dec 1996

24 Dec 1996

24 Dec 1996

07 Jan 1997

09 Jan 1997

29 Jan 1997

31 Jan 1997

01 Feb 1997

02 Feb 1997

04 Feb 1997

14 Feb 1997

19 Feb 1997

12 Mar 1997

13 Mar 1997

18 Mar 1997

01 Apr 1997

04 Apr 1997

10 Apr 1997

14 Apr 1997

15 Apr 1997

16 Apr 1997

19 Apr 1997

23 Apr 1997

08 May 1997

06 Jun 1997

10 Jun 1997

03 Jul 1997

06 Jul 1997

09 Jul 1997

11 Jul 1997

17 Jul 1997

18 Jul 1997

29 Jul 1997

30 Jul 1997

06 Aug 1997

07 Aug 1997

10 Aug 1997

29 Aug 1997

03 Sep 1997

06 Sep 1997

12 Sep 1997

13 Sep 1997

26 Sep 1997

08 Oct 1997

10 Oct 1997

10 Oct 1997

12 Oct 1997

29 Oct 1997

08 Nov 1997

05 Dec 1997

09 Dec 1997

13 Dec 1997

15 Dec 1997

17 Dec 1997

19 Dec 1997

20 Dec 1997

27 Dec 1997

28 Dec 1997

31 Dec 1997

13 Jan 1998

13 Jan 1998

27 Jan 1998

02 Feb 1998

03 Feb 1998

04 Feb 1998

05 Feb 1998

12 Feb 1998

16 Feb 1998

10 Mar 1998

18 Mar 1998

19 Mar 1998

22 Mar 1998

28 Mar 1998

31 Mar 1998

20 Apr 1998

05 May 1998

12 May 1998

25 May 1998

25 May 1998

26 May 1998

18 Jun 1998

25 Jun 1998

13 Jul 1998

16 Jul 1998

17 Jul 1998

23 Jul 1998

27 Jul 1998

28 Jul 1998

29 Jul 1998

30 Jul 1998

30 Jul 1998

04 Aug 1998

11 Aug 1998

19 Aug 1998

21 Aug 1998

24 Aug 1998

24 Aug 1998

29 Aug 1998

02 Sep 1998

02 Sep 1998

09 Sep 1998

10 Sep 1998

25 Sep 1998

28 Sep 1998

29 Sep 1998

02 Oct 1998

10 Oct 1998

21 Oct 1998

25 Oct 1998

01 Nov 1998

11 Nov 1998

21 Nov 1998

07 Dec 1998

11 Dec 1998

14 Dec 1998

17 Dec 1998

22 Dec 1998

26 Dec 1998

02 Jan 1999

12 Jan 1999

13 Jan 1999

13 Jan 1999

16 Jan 1999

21 Jan 1999

02 Feb 1999

03 Feb 1999

08 Feb 1999

24 Feb 1999

25 Feb 1999

07 Mar 1999

18 Mar 1999

19 Mar 1999

07 Apr 1999

07 Apr 1999

08 Apr 1999

15 Apr 1999

08 May 1999

24 May 1999

29 May 1999

01 Jun 1999

03 Jun 1999

09 Jun 1999

09 Jun 1999

17 Jun 1999

25 Jun 1999

01 Jul 1999

02 Jul 1999

04 Jul 1999

07 Jul 1999

09 Jul 1999

16 Jul 1999

23 Jul 1999

23 Jul 1999

24 Jul 1999

07 Aug 1999

22 Aug 1999

24 Aug 1999

26 Aug 1999

31 Aug 1999

05 Sep 1999

14 Sep 1999

14 Sep 1999

14 Sep 1999

17 Sep 1999

02 Oct 1999

24 Oct 1999

25 Oct 1999

31 Oct 1999

09 Nov 1999

12 Nov 1999

05 Dec 1999

07 Dec 1999

10 Dec 1999

11 Dec 1999

21 Dec 1999

22 Dec 1999

24 Dec 1999

25 Dec 1999

25 Dec 1999

29 Dec 1999

05 Jan 2000

10 Jan 2000

13 Jan 2000

15 Jan 2000

30 Jan 2000

31 Jan 2000

02 Feb 2000

16 Feb 2000

05 Mar 2000

09 Mar 2000

17 Mar 2000

17 Mar 2000

22 Mar 2000

24 Mar 2000

25 Mar 2000

30 Mar 2000

05 Apr 2000

19 Apr 2000

19 Apr 2000

29 Apr 2000

02 May 2000

03 May 2000

10 May 2000

17 May 2000

21 May 2000

25 May 2000

31 May 2000

05 Jun 2000

22 Jun 2000

23 Jun 2000

27 Jun 2000

02 Jul 2000

08 Jul 2000

09 Jul 2000

13 Jul 2000

17 Jul 2000

19 Jul 2000

20 Jul 2000

21 Jul 2000

25 Jul 2000

26 Jul 2000

27 Jul 2000

02 Aug 2000

06 Aug 2000

09 Aug 2000

12 Aug 2000

23 Aug 2000

02 Sep 2000

04 Sep 2000

16 Sep 2000

06 Oct 2000

08 Oct 2000

10 Oct 2000

16 Oct 2000

19 Oct 2000

25 Oct 2000

31 Oct 2000

31 Oct 2000

07 Nov 2000

09 Nov 2000

15 Nov 2000

20 Nov 2000

11 Dec 2000

04 Jan 2001

08 Jan 2001

23 Jan 2001

25 Jan 2001

27 Jan 2001

31 Jan 2001

08 Feb 2001

08 Feb 2001

10 Feb 2001

27 Feb 2001

03 Mar 2001

03 Mar 2001

15 Mar 2001

24 Mar 2001

26 Mar 2001

29 Mar 2001

04 Apr 2001

07 Apr 2001

28 Apr 2001

16 May 2001

17 May 2001

17 May 2001

22 May 2001

15 Jun 2001

04 Jul 2001

05 Jul 2001

12 Jul 2001

14 Jul 2001

05 Aug 2001

10 Aug 2001

23 Aug 2001

24 Aug 2001

24 Aug 2001

29 Aug 2001

11 Sep 2001

11 Sep 2001

11 Sep 2001

11 Sep 2001

12 Sep 2001

15 Sep 2001

18 Sep 2001

04 Oct 2001

08 Oct 2001

08 Oct 2001

10 Oct 2001

10 Oct 2001

11 Oct 2001

18 Oct 2001

12 Nov 2001

19 Nov 2001

22 Nov 2001

23 Nov 2001

24 Nov 2001

27 Nov 2001

01 Dec 2001

14 Dec 2001

16 Dec 2001

26 Dec 2001

04 Jan 2002

09 Jan 2002

14 Jan 2002

15 Jan 2002

16 Jan 2002

17 Jan 2002

27 Jan 2002

28 Jan 2002

12 Feb 2002

15 Feb 2002

21 Feb 2002

22 Feb 2002

09 Mar 2002

14 Mar 2002

17 Mar 2002

12 Apr 2002

15 Apr 2002

19 Apr 2002

28 Apr 2002

04 May 2002

07 May 2002

07 May 2002

21 May 2002

25 May 2002

25 May 2002

01 Jun 2002

02 Jun 2002

12 Jun 2002

01 Jul 2002

04 Jul 2002

16 Jul 2002

16 Jul 2002

17 Jul 2002

27 Jul 2002

28 Jul 2002

07 Aug 2002

15 Aug 2002

19 Aug 2002

22 Aug 2002

29 Aug 2002

30 Aug 2002

14 Sep 2002

28 Sep 2002

01 Oct 2002

06 Nov 2002

07 Nov 2002

08 Nov 2002

11 Nov 2002

28 Nov 2002

13 Dec 2002

17 Dec 2002

21 Dec 2002

23 Dec 2002

26 Dec 2002

27 Dec 2002

08 Jan 2003

08 Jan 2003

09 Jan 2003

17 Jan 2003

24 Jan 2003

31 Jan 2003

07 Feb 2003

10 Feb 2003

16 Feb 2003

19 Feb 2003

20 Feb 2003

01 Mar 2003

06 Mar 2003

27 Mar 2003

28 Mar 2003

08 May 2003

26 May 2003

28 May 2003

01 Jun 2003

04 Jun 2003

06 Jun 2003

11 Jun 2003

15 Jun 2003

22 Jun 2003

25 Jun 2003

25 Jun 2003

26 Jun 2003

30 Jun 2003

01 Jul 2003

05 Jul 2003

08 Jul 2003

13 Jul 2003

13 Jul 2003

19 Jul 2003

23 Jul 2003

04 Aug 2003

08 Aug 2003

17 Aug 2003

20 Aug 2003

24 Aug 2003

26 Aug 2003

11 Sep 2003

19 Sep 2003

19 Sep 2003

20 Sep 2003

27 Sep 2003

03 Oct 2003

03 Oct 2003

11 Oct 2003

26 Oct 2003

27 Oct 2003

29 Oct 2003

02 Nov 2003

08 Nov 2003

08 Nov 2003

15 Nov 2003

29 Nov 2003

29 Nov 2003

16 Dec 2003

18 Dec 2003

23 Dec 2003

25 Dec 2003

03 Jan 2004

13 Jan 2004

06 Feb 2004

10 Feb 2004

04 Mar 2004

16 Mar 2004

21 Mar 2004

02 May 2004

05 May 2004

06 May 2004

11 May 2004

14 May 2004

18 May 2004

18 May 2004

23 May 2004

25 May 2004

08 Jun 2004

28 Jun 2004

12 Jul 2004

22 Jul 2004

29 Jul 2004

13 Aug 2004

21 Aug 2004

24 Aug 2004

24 Aug 2004

27 Aug 2004

09 Sep 2004

11 Sep 2004

29 Sep 2004

05 Oct 2004

14 Oct 2004

14 Oct 2004

15 Oct 2004

16 Oct 2004

19 Oct 2004

24 Oct 2004

24 Oct 2004

18 Nov 2004

21 Nov 2004

22 Nov 2004

27 Nov 2004

28 Nov 2004

30 Nov 2004

10 Dec 2004

11 Dec 2004

11 Dec 2004

13 Jan 2005

13 Jan 2005

13 Jan 2005

26 Jan 2005

27 Jan 2005

30 Jan 2005

03 Feb 2005

03 Feb 2005

16 Feb 2005

22 Feb 2005

22 Feb 2005

08 Mar 2005

15 Mar 2005

16 Mar 2005

23 Mar 2005

26 Mar 2005

31 Mar 2005

12 Apr 2005

20 Apr 2005

21 Apr 2005

28 Apr 2005

02 May 2005

05 May 2005

07 May 2005

16 May 2005

18 May 2005

25 May 2005

02 Jun 2005

16 Jul 2005

02 Aug 2005

06 Aug 2005

10 Aug 2005

14 Aug 2005

16 Aug 2005

23 Aug 2005

05 Sep 2005

05 Sep 2005

09 Sep 2005

04 Oct 2005

22 Oct 2005

06 Dec 2005

08 Dec 2005

10 Dec 2005

19 Dec 2005

23 Dec 2005

02 Jan 2006

07 Jan 2006

08 Jan 2006

09 Jan 2006

19 Jan 2006

05 Feb 2006

08 Feb 2006

31 Mar 2006

10 Apr 2006

23 Apr 2006

24 Apr 2006

03 May 2006

14 May 2006

23 May 2006

03 Jun 2006

11 Jun 2006

21 Jun 2006

07 Jul 2006

09 Jul 2006

10 Jul 2006

27 Jul 2006

03 Aug 2006

04 Aug 2006

13 Aug 2006

22 Aug 2006

27 Aug 2006

01 Sep 2006

02 Sep 2006

11 Sep 2006

17 Sep 2006

29 Sep 2006

10 Oct 2006

19 Oct 2006

29 Oct 2006

17 Nov 2006

18 Nov 2006

27 Nov 2006

10 Dec 2006

01 Jan 2007

09 Jan 2007

20 Jan 2007

25 Jan 2007

07 Mar 2007

08 Mar 2007

11 Mar 2007

14 Mar 2007

17 Mar 2007

23 Mar 2007

25 Apr 2007

27 Apr 2007

05 May 2007

06 May 2007

17 May 2007

24 May 2007

03 Jun 2007

04 Jun 2007

13 Jun 2007

21 Jun 2007

25 Jun 2007

28 Jun 2007

05 Jul 2007

08 Jul 2007

17 Jul 2007

23 Jul 2007

24 Jul 2007

29 Jul 2007

09 Aug 2007

16 Aug 2007

20 Aug 2007

22 Aug 2007

22 Aug 2007

26 Aug 2007

07 Sep 2007

16 Sep 2007

24 Sep 2007

04 Oct 2007

08 Oct 2007

08 Nov 2007

30 Nov 2007

03 Dec 2007

05 Dec 2007

04 Jan 2008

12 Jan 2008

17 Jan 2008

23 Jan 2008

26 Jan 2008

21 Feb 2008

26 Feb 2008

03 Mar 2008

03 Apr 2008

09 Apr 2008

11 Apr 2008

15 Apr 2008

16 Apr 2008

28 Apr 2008

17 May 2008

24 May 2008

26 May 2008

29 May 2008

30 May 2008

08 Jun 2008

10 Jun 2008

18 Jun 2008

20 Jun 2008

26 Jun 2008

27 Jun 2008

29 Jun 2008

30 Jun 2008

06 Jul 2008

07 Jul 2008

31 Jul 2008

03 Aug 2008

05 Aug 2008

06 Aug 2008

13 Aug 2008

20 Aug 2008

24 Aug 2008

30 Aug 2008

01 Sep 2008

03 Sep 2008

14 Sep 2008

19 Sep 2008

27 Sep 2008

08 Oct 2008

15 Oct 2008

13 Nov 2008

16 Nov 2008

27 Nov 2008

03 Dec 2008

11 Dec 2008

15 Dec 2008

01 Jan 2009

04 Jan 2009

15 Jan 2009

15 Jan 2009

07 Feb 2009

12 Feb 2009

15 Feb 2009

20 Feb 2009

25 Feb 2009

09 Mar 2009

12 Mar 2009

22 Mar 2009

23 Mar 2009

01 Apr 2009

06 Apr 2009

09 Apr 2009

29 Apr 2009

03 May 2009

20 May 2009

26 May 2009

01 Jun 2009

07 Jun 2009

08 Jun 2009

29 Jun 2009

30 Jun 2009

03 Jul 2009

15 Jul 2009

19 Jul 2009

24 Jul 2009

02 Aug 2009

04 Aug 2009

08 Aug 2009

11 Aug 2009

26 Aug 2009

08 Sep 2009

24 Sep 2009

25 Sep 2009

17 Oct 2009

21 Oct 2009

22 Oct 2009

01 Nov 2009

01 Nov 2009

12 Nov 2009

14 Nov 2009

28 Nov 2009

29 Nov 2009

22 Jan 2010

25 Jan 2010

25 Jan 2010

28 Jan 2010

14 Feb 2010

10 Apr 2010

10 Apr 2010

13 Apr 2010

21 Apr 2010

12 May 2010

15 May 2010

17 May 2010

22 May 2010

19 Jun 2010

23 Jun 2010

05 Jul 2010

28 Jul 2010

28 Jul 2010

01 Aug 2010

03 Aug 2010

09 Aug 2010

16 Aug 2010

21 Aug 2010

24 Aug 2010

24 Aug 2010

25 Aug 2010

27 Aug 2010

03 Sep 2010

04 Sep 2010

13 Sep 2010

21 Sep 2010

06 Oct 2010

12 Oct 2010

21 Oct 2010

04 Nov 2010

05 Nov 2010

25 Nov 2010

28 Nov 2010

04 Dec 2010

15 Dec 2010

01 Jan 2011

09 Jan 2011

08 Feb 2011

10 Feb 2011

14 Feb 2011

21 Mar 2011

04 Apr 2011

19 Apr 2011

21 Apr 2011

07 May 2011

18 May 2011

20 Jun 2011

06 Jul 2011

08 Jul 2011

11 Jul 2011

13 Jul 2011

26 Jul 2011

28 Jul 2011

06 Aug 2011

09 Aug 2011

20 Aug 2011

26 Aug 2011

02 Sep 2011

06 Sep 2011

07 Sep 2011

14 Sep 2011

16 Sep 2011

22 Sep 2011

25 Sep 2011

29 Sep 2011

13 Oct 2011

27 Oct 2011

10 Nov 2011

11 Nov 2011

07 Dec 2011

26 Dec 2011

30 Jan 2012

15 Mar 2012

16 Mar 2012

02 Apr 2012

20 Apr 2012

30 Apr 2012

09 May 2012

14 May 2012

02 Jun 2012

03 Jun 2012

06 Jun 2012

11 Jun 2012

21 Jun 2012

18 Aug 2012

19 Aug 2012

12 Sep 2012

28 Sep 2012

07 Oct 2012

07 Oct 2012

21 Nov 2012

30 Nov 2012

05 Dec 2012

09 Dec 2012

25 Dec 2012

25 Dec 2012

29 Dec 2012

02 Jan 2013

04 Jan 2013

29 Jan 2013

13 Feb 2013

04 Mar 2013

08 Mar 2013

13 Apr 2013

29 Apr 2013

31 May 2013

25 Jun 2013

06 Jul 2013

07 Jul 2013

09 Aug 2013

14 Aug 2013

03 Oct 2013

10 Oct 2013

16 Oct 2013

03 Nov 2013

09 Nov 2013

10 Nov 2013

17 Nov 2013

29 Nov 2013

29 Nov 2013

05 Dec 2013

26 Dec 2013

20 Jan 2014

11 Feb 2014

16 Feb 2014

21 Feb 2014

08 Mar 2014

18 Mar 2014

19 Apr 2014

20 Apr 2014

08 May 2014

17 May 2014

14 Jun 2014

02 Jul 2014

07 Jul 2014

17 Jul 2014

23 Jul 2014

24 Jul 2014

10 Aug 2014

30 Aug 2014

31 Aug 2014

20 Sep 2014

04 Oct 2014

28 Dec 2014

28 Dec 2014

18 Jan 2015

04 Feb 2015

10 Mar 2015

24 Mar 2015

25 Jun 2015

30 Jun 2015

31 Jul 2015

12 Aug 2015

16 Aug 2015

05 Sep 2015

15 Sep 2015

02 Oct 2015

02 Oct 2015

31 Oct 2015

31 Oct 2015

04 Nov 2015

21 Nov 2015

24 Nov 2015

08 Jan 2016

02 Feb 2016

24 Feb 2016

26 Feb 2016

09 Mar 2016

15 Mar 2016

19 Mar 2016

29 Mar 2016

04 Apr 2016

13 Apr 2016

29 Apr 2016

19 May 2016

22 Jul 2016

30 Jul 2016

05 Aug 2016

31 Aug 2016

24 Oct 2016

28 Nov 2016

03 Dec 2016

07 Dec 2016

18 Dec 2016

20 Dec 2016

25 Dec 2016

16 Jan 2017

21 Feb 2017

10 Mar 2017

27 Mar 2017

05 May 2017

27 May 2017

07 Jun 2017

28 Jun 2017

10 Jul 2017

30 Sep 2017

12 Oct 2017

14 Oct 2017

15 Nov 2017

13 Dec 2017

31 Dec 2017

29 Jan 2018

10 Feb 2018

11 Feb 2018

18 Feb 2018

06 Mar 2018

11 Mar 2018

12 Mar 2018

11 Apr 2018

17 Apr 2018

02 May 2018

18 May 2018

10 Jul 2018

04 Aug 2018

28 Sep 2018

29 Oct 2018

06 Nov 2018

